compound_name,smiles
(2r)-1-(1-benzofuran-2-yl)-n-propylpentane-2-amine,CCCC(CC1=CC2=CC=CC=C2O1)NCCC
(iso)lappaol a,
(r)-2-hydroxyglutarate,C(CC(=O)O)C(C(=O)O)O
"(r,r)-cis-diethyl tetrahydro-2,8-chrysenediol",CCC1CC2=C(C=CC(=C2)O)C3=C1C4=C(CC3CC)C=C(C=C4)O
"(r/s)-1,3-butanediol",
(s)-2-hydroxyglutarate,C(CC(=O)O)C(C(=O)O)O
"1,2,3-triazolyl ester of ketorolac",
"1,2,4-triazolo[1,5-a]pyridine",C1=CC2=NC=NN2C=C1
"1,3-dimemethyl xan",
"1,7-dimethylxanthine",CN1C=NC2=C1C(=O)N(C(=O)N2)C
1-methyl nicotinamide,C[N+]1=CC=CC(=C1)C(=O)N
1-methylxanthine,CN1C(=O)C2=C(NC1=O)N=CN2
10-hydroxy-2-decenoic acid,C(CCCC=CC(=O)O)CCCO
16(17)-epoxy-21-acetoxy-5-pregnenolone,
16-alpha-hydroxyestradiol,CC12CCC3C(C1CC(C2O)O)CCC4=C3C=CC(=C4)O
17-dimethylaminoethylamino-17-demethoxygeldanamycin hydrochloride,CC1CC(C(C(C=C(C(C(C=CC=C(C(=O)NC2=CC(=O)C(=C(C1)C2=O)NCCN(C)C)C)OC)OC(=O)N)C)C)O)OC.Cl
17‐alpha‐estradiol,
18α-glycyrrhetinic acid,
"2,2'-diaminodiethyl disulfide dihydrochloride",C(CSSCCN)N.Cl
"2,3-dehydrosilybin",COC1=C(C=CC(=C1)C2C(OC3=C(O2)C=C(C=C3)C4=C(C(=O)C5=C(C=C(C=C5O4)O)O)O)CO)O
"2,3-dehydrosilybin a",COC1=C(C=CC(=C1)C2C(OC3=C(O2)C=C(C=C3)C4=C(C(=O)C5=C(C=C(C=C5O4)O)O)O)CO)O
"2,3-dehydrosilybin b",COC1=C(C=CC(=C1)C2C(OC3=C(O2)C=C(C=C3)C4=C(C(=O)C5=C(C=C(C=C5O4)O)O)O)CO)O
"2,3-dihydroxybenzoic acid",C1=CC(=C(C(=C1)O)O)C(=O)O
"2,4-dinitrophenol",C1=CC(=C(C=C1[N+](=O)[O-])[N+](=O)[O-])O
"2,4-pyridinedicarboxylic acid",C1=CN=C(C=C1C(=O)O)C(=O)O
"2,5-di-tert-butylhydroquinone",CC(C)(C)C1=CC(=C(C=C1O)C(C)(C)C)O
"2,5-dimethyl-celecoxib",CC1=CC(=C(C=C1)C)C2=CC(=NN2C3=CC=C(C=C3)S(=O)(=O)N)C(F)(F)F
2-(2-hydroxyphenyl)benzothiazole,C1=CC=C(C(=C1)C2=NC3=CC=CC=C3S2)O
2-deoxy-d-glucose,C(C=O)C(C(C(CO)O)O)O
2-ethyl-6-methylpyridin-3-ol hydrochloride,CCC1=C(C=CC(=N1)C)O.Cl
2-mercaptoethylamine hydrochloride,C(CS)N.Cl
2-oxothiazolidine-4-carboxylate,C1C(NC(=O)S1)C(=O)[O-]
2-selenium-bridged-beta-cyclodextrin,
25-azacoprostane,CC(CCCN(C)C)C1CCC2C1(CCC3C2CCC4C3(CCCC4)C)C
"3,3'-thiodipropionic acid",C(CSCCC(=O)O)C(=O)O
"3,3-diethyl-2-pyrrolidinone",CCC1(CCNC1=O)CC
"3,4'-dihydroxyflavone",C1=CC=C2C(=C1)C(=O)C(=C(O2)C3=CC=C(C=C3)O)O
"3,4-dichloroisocoumarin",C1=CC=C2C(=C1)C(=C(OC2=O)Cl)Cl
"3,4-dihydroxybenzaldehyde",C1=CC(=C(C=C1C=O)O)O
"3,5-dihydroxy-4'-acetoxy-trans-stilbene",
"3,5-dihydroxy-4'-ethyl-trans-stilbene",
"3,5-dihydroxy-4'-thiomethyl-trans-stilbene",
"3,7-dimethylxanthine",CN1C=NC2=C1C(=O)NC(=O)N2C
"3-amino-1,2,4-triazole",C1=NNC(=N1)N
3-methoxycatechol,COC1=CC=CC(=C1O)O
3-methoxycatechol ii,
3-methylxanthine,CN1C2=C(C(=O)NC1=O)NC=N2
3-morpholinosydnonimine hydrochloride,C1COCCN1[N+]2=NOC(=C2)N.[Cl-]
3230-2939,
3230_2939,
3:1 mixture: salicyl-salicylic acid + aspirin,
4'-demethylpipodophyllotoxin,
"4,4′-dimethoxychalcone",
4-dafachronic acid,
4-hydroxy-e-globularinin,
4-hydroxyphenyl-n-tert-butylnitrone,CC(C)(C)N(C=C1C=CC(=O)C=C1)O
4-phenyl-3-furoxancarbonitrile,C1=CC=C(C=C1)C2=NO[N+](=C2C#N)[O-]
4-phenylbutyrate,C1=CC=C(C=C1)CCCC(=O)[O-]
4112-3315,
4112_3315,
4‐methyl‐2‐oxovalerate,
"5,7,4trimethoxyfavone",
5-hydroxy-l-tryptophan,C1=CC2=C(C=C1O)C(=CN2)CC(C(=O)O)N
5-octanoyl salicylic acid,CCCCCCCC(=O)C1=CC(=C(C=C1)O)C(=O)O
574-trimethoxyfavone,
"5′-hydroxy-6, 7, 8, 3′, 4′-pentamethoxyflavone",
"6,7-dihydroxyflavone",C1=CC=C(C=C1)C2=CC(=O)C3=CC(=C(C=C3O2)O)O
6-hydroxyflavone,C1=CC=C(C=C1)C2=CC(=O)C3=C(O2)C=CC(=C3)O
6-shogaol,CCCCCC=CC(=O)CCC1=CC(=C(C=C1)O)OC
6526-0645,
6526_0645,
"7,8-dihydroxyflavone",C1=CC=C(C=C1)C2=CC(=O)C3=C(O2)C(=C(C=C3)O)O
"7-cyclopentyl-5-(4-phenoxy)phenyl-7h-pyrrolo[2,3-d]pyrimidin-4-ylamine",C1CCC(C1)N2C=C(C3=C(N=CN=C32)N)C4=CC=C(C=C4)OC5=CC=CC=C5
7-methyl-dehydrosilybin,
7-methylxanthine,CN1C=NC2=C1C(=O)NC(=O)N2
78c (cd38 inhibitor),
aa26-3,
aa26-7,
aa26-8,
aa26-9,C1CCN(C1)C(=O)N2C=CN=N2
aa39-2,
aa39-3,
aa74-1,
abc101,
abc16,
abc23,
abc26,
abc28,
abc30,
abc32,
abc35,
abc36,
abc37,
abc44,COC1=CC=C(C=C1)N2CCN(CC2)C(=O)ON3C(=O)C4CN(CCN4C3=O)CC5CCN(CC5)CC6=CC=CC=C6
abc45,
abc5,
abc52,
abc53,
abc63,
abc84,
abc90,
abc91,
abc92,
abc99,C1CN2C(CN1CC3=CC=C(C=C3)Cl)C(=O)N(C2=O)OC(=O)N4CCOC5=CC=CC=C54
abl127,COC(=O)N1C(=O)C(N1C(=O)OC)(C2CCCC2)C3=CC=CC=C3
abl303,CCC1(C(=O)N(N1C(=O)OC(C)C)C(=O)OC(C)C)C2=CC=C(C=C2)C
acacetin 7-o-alpha-l-rhamnopyranosyl (1_2) beta-d-xylopyranoside,
acanthopanax sessiliflorus extract,
acanthophora spicifera extract,
acarbose,CC1C(C(C(C(O1)OC2C(OC(C(C2O)O)OC(C(CO)O)C(C(C=O)O)O)CO)O)O)NC3C=C(C(C(C3O)O)O)CO
acetaminophen,CC(=O)NC1=CC=C(C=C1)O
acetazolamide,CC(=O)NC1=NN=C(S1)S(=O)(=O)N
acetic acid,CC(=O)O
acivicin,C1C(ON=C1Cl)C(C(=O)O)N
aeg 3482,C1=CC=C(C=C1)C2=CN3C(=N2)SC(=N3)S(=O)(=O)N
ag-490,C1=CC=C(C=C1)CNC(=O)C(=CC2=CC(=C(C=C2)O)O)C#N
agmatine,C(CCN=C(N)N)CN
agrimonia procera extract,
alanine,CC(C(=O)O)N
allantoin,C1(C(=O)NC(=O)N1)NC(=O)N
alln,C(C1C(C(C(C(O1)O)N)O)O)O
alln ii,
alpelisib,CC1=C(SC(=N1)NC(=O)N2CCCC2C(=O)N)C3=CC(=NC=C3)C(C)(C)C(F)(F)F
"alpha,beta-trehalose",C(C1C(C(C(C(O1)OC2C(C(C(C(O2)CO)O)O)O)O)O)O)O
alpha-ketoglutarate,C(CC(=O)[O-])C(=O)C(=O)[O-]
alpha-lipoic acid,C1CSSC1CCCCC(=O)O
alpha-santalol,CC(=CCCC1(C2CC3C1(C3C2)C)C)CO
alpha‐ketoisovalerate,
alpha‐keto‐beta‐methylvalerate,
alpha‐linolenic acid,
alsterpaullone,C1C2=C(C3=CC=CC=C3NC1=O)NC4=C2C=C(C=C4)[N+](=O)[O-]
aluminium chloride,[Al](Cl)(Cl)Cl
aluminium nitrate,[N+](=O)([O-])[O-].[N+](=O)([O-])[O-].[N+](=O)([O-])[O-].[Al+3]
aluminum acetylsalicylate,
aluminum potassium sulfate,[O-]S(=O)(=O)[O-].[O-]S(=O)(=O)[O-].[Al+3].[K+]
aluminum sulfate,[O-]S(=O)(=O)[O-].[O-]S(=O)(=O)[O-].[O-]S(=O)(=O)[O-].[Al+3].[Al+3]
amethopterin,CN(CC1=CN=C2C(=N1)C(=NC(=N2)N)N)C3=CC=C(C=C3)C(=O)NC(CCC(=O)O)C(=O)O
amikacin hydrate,C1C(C(C(C(C1NC(=O)C(CCN)O)OC2C(C(C(C(O2)CO)O)N)O)O)OC3C(C(C(C(O3)CN)O)O)O)N.O
amlexanox,CC(C)C1=CC2=C(C=C1)OC3=NC(=C(C=C3C2=O)C(=O)O)N
amn082,C1=CC=C(C=C1)C(C2=CC=CC=C2)NCCNC(C3=CC=CC=C3)C4=CC=CC=C4
amoxapine,C1CN(CCN1)C2=NC3=CC=CC=C3OC4=C2C=C(C=C4)Cl
amperozide hydrochloride,CCNC(=O)N1CCN(CC1)CCCC(C2=CC=C(C=C2)F)C3=CC=C(C=C3)F.Cl
ampicillin,CC1(C(N2C(S1)C(C2=O)NC(=O)C(C3=CC=CC=C3)N)C(=O)O)C
angelica sinensis extract,
anisomycin,CC(=O)OC1C(CNC1CC2=CC=C(C=C2)OC)O
antalarmin,CCCCN(CC)C1=NC(=NC2=C1C(=C(N2C3=C(C=C(C=C3C)C)C)C)C)C
anterior hypothalamus extract,
antimycin a,CCCCCCC1C(C(OC(=O)C(C(OC1=O)C)NC(=O)C2=C(C(=CC=C2)NC=O)O)C)OC(=O)CC(C)C
aphs,CCCCC#CCSC1=CC=CC=C1OC(=O)C
apple extract,
arbutin,C1=CC(=CC=C1O)OC2C(C(C(C(O2)CO)O)O)O
arctigenin,COC1=C(C=C(C=C1)CC2COC(=O)C2CC3=CC(=C(C=C3)O)OC)OC
arctiin,COC1=C(C=C(C=C1)CC2COC(=O)C2CC3=CC(=C(C=C3)OC4C(C(C(C(O4)CO)O)O)O)OC)OC
arecoline,CN1CCC=C(C1)C(=O)OC
arginine,C(CC(C(=O)O)N)CN=C(N)N
argyreia boseana extract,
aronia extract,
arsenite,[O-][As]([O-])[O-]
ascorbic acid,C(C(C1C(=C(C(=O)O1)O)O)O)O
ascr#2,CC1C(CC(C(O1)OC(C)CCC(=O)C)O)O
ascr#3,CC1C(CC(C(O1)OC(C)CCCCC=CC(=O)O)O)O
asparagine,C(C(C(=O)O)N)C(=O)N
aspirin,CC(=O)OC1=CC=CC=C1C(=O)O
astaxanthin,CC1=C(C(CC(C1=O)O)(C)C)C=CC(=CC=CC(=CC=CC=C(C)C=CC=C(C)C=CC2=C(C(=O)C(CC2(C)C)O)C)C)C
astemizole,COC1=CC=C(C=C1)CCN2CCC(CC2)NC3=NC4=CC=CC=C4N3CC5=CC=C(C=C5)F
astragaloside iv,CC1(C(CCC23C1C(CC4C2(C3)CCC5(C4(CC(C5C6(CCC(O6)C(C)(C)O)C)O)C)C)OC7C(C(C(C(O7)CO)O)O)O)OC8C(C(C(CO8)O)O)O)C
astragalus extract,
atropine,CN1C2CCC1CC(C2)OC(=O)C(CO)C3=CC=CC=C3
au701,
auraptene,CC(=CCCC(=CCOC1=CC2=C(C=C1)C=CC(=O)O2)C)C
aurintricarboxylic acid,C1=CC(=C(C=C1C(=C2C=CC(=O)C(=C2)C(=O)O)C3=CC(=C(C=C3)O)C(=O)O)C(=O)O)O
auten-67,C1=CC=C2C(=C1)C(=O)C(=C(C2=O)N3C=NC4=CC=CC=C43)NS(=O)(=O)C5=CC=C(C=C5)[N+](=O)[O-]
azacytidine,C1=NC(=NC(=O)N1C2C(C(C(O2)CO)O)O)N
azd2281,C1CC1C(=O)N2CCN(CC2)C(=O)C3=C(C=CC(=C3)CC4=NNC(=O)C5=CC=CC=C54)F
bacitracin,CCC(C)C1C(=O)NC(C(=O)NC(C(=O)NC(C(=O)NC(C(=O)NCCCCC(C(=O)NC(C(=O)N1)CCCN)NC(=O)C(C(C)CC)NC(=O)C(CCC(=O)O)NC(=O)C(CC(C)C)NC(=O)C2CSC(=N2)C(C(C)CC)N)CC(=O)N)CC(=O)O)CC3=CN=CN3)CC4=CC=CC=C4
baicalein,C1=CC=C(C=C1)C2=CC(=O)C3=C(O2)C=C(C(=C3O)O)O
barium acetate,CC(=O)[O-].CC(=O)[O-].[Ba+2]
benzalkonium chloride,CCCCCCCCCCCCC[N+](C)(C)CC1=CC=CC=C1.[Cl-]
benzethonium,CC(C)(C)CC(C)(C)C1=CC=C(C=C1)OCCOCC[N+](C)(C)CC2=CC=CC=C2
berberine,COC1=C(C2=C[N+]3=C(C=C2C=C1)C4=CC5=C(C=C4CC3)OCO5)OC
beryllium sulfate,[Be+2].[O-]S(=O)(=O)[O-]
beta-alanine,C(CN)C(=O)O
beta-aminopropionitrile fumarate,C(CN)C#N.C(=CC(=O)O)C(=O)O
beta-carotene,CC1=C(C(CCC1)(C)C)C=CC(=CC=CC(=CC=CC=C(C)C=CC=C(C)C=CC2=C(CCCC2(C)C)C)C)C
beta-caryophyllene,CC1=CCCC(=C)C2CC(C2CC1)(C)C
beta-estradiol,CC12CCC3C(C1CCC2O)CCC4=C3C=CC(=C4)O
beta-guanidinopropionic acid,C(CN=C(N)N)C(=O)O
beta-santalol,CC(=CCCC1(C2CCC(C2)C1=C)C)CO
betaine,C[N+](C)(C)CC(=O)[O-]
betula utilis extract,
bezafibrate,CC(C)(C(=O)O)OC1=CC=C(C=C1)CCNC(=O)C2=CC=C(C=C2)Cl
bia 10-2474,CN(C1CCCCC1)C(=O)N2C=C(N=C2)C3=C[N+](=CC=C3)[O-]
bia 10-2639,CN(C1CCCCC1)C(=O)N2C=C(N=C2)C3=CN=CC=C3
biotin,C1C2C(C(S1)CCCCC(=O)O)NC(=O)N2
"bis(1-hydroxy-2,2,6,6-tetramethyl-4-piperidinyl)-decandioate",
bismuth sodium tryglycollamate,
black rice extract,
black tea extract,
blackcurrant extract,
blueberry extract,
bp-c3 (benzenepolycarboxylic acids mixture),
branched-chain amino acids,
brl 15572,C1CN(CCN1CC(C(C2=CC=CC=C2)C3=CC=CC=C3)O)C4=CC(=CC=C4)Cl
brl 50481,CC1=C(C=C(C=C1)[N+](=O)[O-])S(=O)(=O)N(C)C
broccoli extract,
btcp hydrochloride,C1CCC(CC1)(C2=CC3=CC=CC=C3S2)N4CCCCC4.Cl
buckwheat trypsin inhibitor,
buformin,CCCCN=C(N)N=C(N)N
bupivacaine hydrochloride,CCCCN1CCCCC1C(=O)NC2=C(C=CC=C2C)C.Cl
butaclamol hydrochloride,CC(C)(C)C1(CCN2CC3C4=CC=CC=C4CCC5=C3C(=CC=C5)C2C1)O.Cl
butein,C1=CC(=C(C=C1C=CC(=O)C2=C(C=C(C=C2)O)O)O)O
buthionine sulfoximine,CCCCS(=N)(=O)CCC(C(=O)O)N
buthus martensii karsch polypeptide toxin,
butylated hydroxyanisole,
butylated hydroxytoluene,
c60 fullerene,C12=C3C4=C5C6=C1C7=C8C9=C1C%10=C%11C(=C29)C3=C2C3=C4C4=C5C5=C9C6=C7C6=C7C8=C1C1=C8C%10=C%10C%11=C2C2=C3C3=C4C4=C5C5=C%11C%12=C(C6=C95)C7=C1C1=C%12C5=C%11C4=C3C3=C5C(=C81)C%10=C23
c75,CCCCCCCCC1C(C(=C)C(=O)O1)C(=O)O
cadmium chloride,Cl[Cd]Cl
caffeic acid,C1=CC(=C(C=C1C=CC(=O)O)O)O
caffeic acid phenethylester,C1=CC=C(C=C1)CCOC(=O)C=CC2=CC(=C(C=C2)O)O
caffeine,CN1C=NC2=C1C(=O)N(C(=O)N2C)C
calcium dichloride,[Cl-].[Cl-].[Ca+2]
calcium gluconate,C(C(C(C(C(C(=O)[O-])O)O)O)O)O.C(C(C(C(C(C(=O)[O-])O)O)O)O)O.[Ca+2]
calcium lactate,CC(C(=O)[O-])O.CC(C(=O)[O-])O.[Ca+2]
calcium pantothenate,CC(C)(CO)C(C(=O)NCCC(=O)[O-])O.CC(C)(CO)C(C(=O)NCCC(=O)[O-])O.[Ca+2]
calycosin,COC1=C(C=C(C=C1)C2=COC3=C(C2=O)C=CC(=C3)O)O
canagliflozin,CC1=C(C=C(C=C1)C2C(C(C(C(O2)CO)O)O)O)CC3=CC=C(S3)C4=CC=C(C=C4)F
candesartan cilexetil,CCOC1=NC2=CC=CC(=C2N1CC3=CC=C(C=C3)C4=CC=CC=C4C5=NNN=N5)C(=O)OC(C)OC(=O)OC6CCCCC6
cannabidiol,CCCCCC1=CC(=C(C(=C1)O)C2C=C(CCC2C(=C)C)C)O
capecitabine,CCCCCOC(=O)NC1=NC(=O)N(C=C1F)C2C(C(C(O2)C)O)O
caprylate,CCCCCCCC(=O)[O-]
capsaicin,CC(C)C=CCCCCC(=O)NCC1=CC(=C(C=C1)O)OC
captopril,CC(CS)C(=O)N1CCCC1C(=O)O
carbidopa,CC(CC1=CC(=C(C=C1)O)O)(C(=O)O)NN
carbinoxamine maleate,CN(C)CCOC(C1=CC=C(C=C1)Cl)C2=CC=CC=N2.C(=CC(=O)O)C(=O)O
carbonylcyanide-3-chlorophenylhydrazone,C1=CC(=CC(=C1)Cl)NN=C(C#N)C#N
cardamonin,COC1=CC(=CC(=C1C(=O)C=CC2=CC=CC=C2)O)O
carglumic acid,C(CC(=O)O)C(C(=O)O)NC(=O)N
carnosic acid,CC(C)C1=C(C(=C2C(=C1)CCC3C2(CCCC3(C)C)C(=O)O)O)O
carnosine,C1=C(NC=N1)CC(C(=O)O)NC(=O)CCN
carnosol,CC(C)C1=C(C(=C2C(=C1)C3CC4C2(CCCC4(C)C)C(=O)O3)O)O
carvedilol,COC1=CC=CC=C1OCCNCC(COC2=CC=CC3=C2C4=CC=CC=C4N3)O
casein,
casin,C1CC(C2=C(C1)C3=C(N2)C=CC(=C3)C4=CC=CC=C4)NCCO
catechin,C1C(C(OC2=CC(=CC(=C21)O)O)C3=CC(=C(C=C3)O)O)O
cefazolin sodium,CC1=NN=C(S1)SCC2=C(N3C(C(C3=O)NC(=O)CN4C=NN=N4)SC2)C(=O)[O-].[Na+]
ceftriaxone disodium salt,CN1C(=NC(=O)C(=O)[N-]1)SCC2=C(N3C(C(C3=O)NC(=O)C(=NOC)C4=CSC(=N4)N)SC2)C(=O)[O-].[Na+].[Na+]
celastrol,CC1=C(C(=O)C=C2C1=CC=C3C2(CCC4(C3(CCC5(C4CC(CC5)(C)C(=O)O)C)C)C)C)O
celecoxib,CC1=CC=C(C=C1)C2=CC(=NN2C3=CC=C(C=C3)S(=O)(=O)N)C(F)(F)F
centylpyridinium-cl,
ceoxide beads,
cetylpyridinium chloride,CCCCCCCCCCCCCCCC[N+]1=CC=CC=C1.[Cl-]
cgp37157,C1C(=O)NC2=C(C=C(C=C2)Cl)C(S1)C3=CC=CC=C3Cl
chicoric acid,C1=CC(=C(C=C1C=CC(=O)OC(C(C(=O)O)OC(=O)C=CC2=CC(=C(C=C2)O)O)C(=O)O)O)O
chloramphenicol,C1=CC(=CC=C1C(C(CO)NC(=O)C(Cl)Cl)O)[N+](=O)[O-]
chlorhexidine,C1=CC(=CC=C1NC(=NC(=NCCCCCCN=C(N)N=C(N)NC2=CC=C(C=C2)Cl)N)N)Cl
chlorogenic acid,C1C(C(C(CC1(C(=O)O)O)OC(=O)C=CC2=CC(=C(C=C2)O)O)O)O
chlorophenyalanine,
chlorophyll,CCC1=C(C2=[NH+]C1=CC3=C(C4=C(C(C(=C4[N-]3)C5=[NH+]C(=C(C5CCC(=O)OCC=C(C)CCCC(C)CCCC(C)CCCC(C)C)C)C=C6C(=C(C(=C2)[N-]6)C=C)C)C(=O)OC)O)C)C.[Mg+2]
chlorophytum borivilianum  extract,
chloroquine,CCN(CC)CCCC(C)NC1=C2C=CC(=CC2=NC=C1)Cl
chlorpheniramine,CN(C)CCC(C1=CC=C(C=C1)Cl)C2=CC=CC=N2
chlorpheniramine maleate,CN(C)CCC(C1=CC=C(C=C1)Cl)C2=CC=CC=N2.C(=CC(=O)O)C(=O)O
chlorpromazine,CN(C)CCCN1C2=CC=CC=C2SC3=C1C=C(C=C3)Cl
chlorpromazine chloride,CN(C)CCCN1C2=CC=CC=C2SC3=C1C=C(C=C3)Cl.Cl
chlorprothixene hydrochloride,CN(C)CCC=C1C2=CC=CC=C2SC3=C1C=C(C=C3)Cl.Cl
choline chloride,C[N+](C)(C)CCO.[Cl-]
chrysanthemum extract,
chrysin,C1=CC=C(C=C1)C2=CC(=O)C3=C(C=C(C=C3O2)O)O
ciclopirox olamine,CC1=CC(=O)N(C(=C1)C2CCCCC2)O.C(CO)N
cinnamon extract,
cinnarizine,C1CN(CCN1CC=CC2=CC=CC=C2)C(C3=CC=CC=C3)C4=CC=CC=C4
cinoxacin,CCN1C2=CC3=C(C=C2C(=O)C(=N1)C(=O)O)OCO3
cis-(z)-flupenthixol dihydrochloride,C1CN(CCN1CCC=C2C3=CC=CC=C3SC4=C2C=C(C=C4)C(F)(F)F)CCO.Cl.Cl
cis-vaccenic acid,CCCCCCC=CCCCCCCCCCC(=O)O
cis-zeatin,CC(=CCNC1=NC=NC2=C1NC=N2)CO
citrate,C(C(=O)[O-])C(CC(=O)[O-])(C(=O)[O-])O
clofibrate,CCOC(=O)C(C)(C)OC1=CC=C(C=C1)Cl
clofilium tosylate,CCCCCCC[N+](CC)(CC)CCCCC1=CC=C(C=C1)Cl.CC1=CC=C(C=C1)S(=O)(=O)[O-]
cms121,C1CCC(C1)OC2=CC(=NC3=CC=CC=C32)C4=CC(=C(C=C4)O)O
cocoa extract,
coenzyme q10,CC1=C(C(=O)C(=C(C1=O)OC)OC)CC=C(C)CCC=C(C)CCC=C(C)CCC=C(C)CCC=C(C)CCC=C(C)CCC=C(C)CCC=C(C)CCC=C(C)CCC=C(C)C
coix seed oil,
colanic acid,CC(CCC(=O)O)C1CCC2C1(CCC3C2CCC4C3(CCCC4)C)C
colchine,CC(=O)NC1CCC2=CC(=C(C(=C2C3=CC=C(C(=O)C=C13)OC)OC)OC)OC
cordyceps sinensis oral liquid,
cortexolone maleate,CN(C)C1=CC=CC2=C1C=CC=C2S(=O)(=O)NCCCCN3CCN(CC3)C4=CC=CC=C4OC.C(=CC(=O)O)C(=O)O
cortisone,CC12CCC(=O)C=C1CCC3C2C(=O)CC4(C3CCC4(C(=O)CO)O)C
cranberry extract,
creatine,CN(CC(=O)O)C(=N)N
crocus sativus extract,
cryptotanshinone,CC1COC2=C1C(=O)C(=O)C3=C2C=CC4=C3CCCC4(C)C
cu701,
cucurbitacin b,CC(=O)OC(C)(C)C=CC(=O)C(C)(C1C(CC2(C1(CC(=O)C3(C2CC=C4C3CC(C(=O)C4(C)C)O)C)C)C)O)O
cupric chloride,Cl[Cu]Cl
cupric citrate,C(C(=O)[O-])C(CC(=O)[O-])(C(=O)[O-])[O-].[Cu+2].[Cu+2]
cupric formate,C(=O)[O-].C(=O)[O-].[Cu+2]
cupric gluconate,C(C(C(C(C(C(=O)[O-])O)O)O)O)O.C(C(C(C(C(C(=O)[O-])O)O)O)O)O.[Cu+2]
cupric glycinate,C(C(=O)[O-])N.C(C(=O)[O-])N.[Cu+2]
cupric lactate,CC(C(=O)[O-])O.CC(C(=O)[O-])O.[Cu+2]
cupric sulfate,[O-]S(=O)(=O)[O-].[Cu+2]
curare,
curcumin,COC1=C(C=CC(=C1)C=CC(=O)CC(=O)C=CC2=CC(=C(C=C2)O)OC)O
cyclic adenosine monophosphate,C1C2C(C(C(O2)N3C=NC4=C(N=CN=C43)N)O)OP(=O)(O1)O
cyclizine hcl,CN1CCN(CC1)C(C2=CC=CC=C2)C3=CC=CC=C3.Cl
cycloheximide,CC1CC(C(=O)C(C1)C(CC2CC(=O)NC(=O)C2)O)C
cyclophosphamide,C1CNP(=O)(OC1)N(CCCl)CCCl
cyclosporin a,CCC1C(=O)N(CC(=O)N(C(C(=O)NC(C(=O)N(C(C(=O)NC(C(=O)NC(C(=O)N(C(C(=O)N(C(C(=O)N(C(C(=O)N(C(C(=O)N1)C(C(C)CC=CC)O)C)C(C)C)C)CC(C)C)C)CC(C)C)C)C)C)CC(C)C)C)C(C)C)CC(C)C)C)C
cynomorium songaricum extract,
cyproterone acetate,CC(=O)C1(CCC2C1(CCC3C2C=C(C4=CC(=O)C5CC5C34C)Cl)C)OC(=O)C
cysteine,C(C(C(=O)O)N)S
cysteine hydrochloride,C(C(C(=O)O)N)S.Cl
cytidine,C1=CN(C(=O)N=C1N)C2C(C(C(O2)CO)O)O
d-alanine,CC(C(=O)O)N
d-allulose,C1C(C(C(C(O1)(CO)O)O)O)O
d-aspartate,C(C(C(=O)O)N)C(=O)O
d-beta-hydroxybutyrate,CC(CC(=O)O)O
d-erythro-mapp,CCCCCCCCCCCCCC(=O)NC(C)C(C1=CC=CC=C1)O
d-glucosamine,C(C1C(C(C(C(O1)O)N)O)O)O
d-glutamate,C(CC(=O)O)C(C(=O)O)N
d-xylitol,C(C(C(C(CO)O)O)O)O
d609,C1CC2C(C1)C3CC2CC3OC(=S)[S-].[K+]
dafachronic acid,CC(CCCC(C)C(=O)O)C1CCC2C1(CCC3C2CCC4C3(CCC(=O)C4)C)C
dafadine-a,CC1=C(C(=CC=C1)C)OCC2=CC(=NO2)C(=O)N3CCC(CC3)C4=CC=NC=C4
damaurone d,
damnacanthus officinarum leaf extract,
damnacanthus officinarum root extract,
danazol,CC12CCC3C(C1CCC2(C#C)O)CCC4=CC5=C(CC34C)C=NO5
daph,C1=CC=C(C=C1)NC2=C(C=C3C(=C2)C(=O)NC3=O)NC4=CC=CC=C4
dapsone,C1=CC(=CC=C1N)S(=O)(=O)C2=CC=C(C=C2)N
darapladib,CCN(CC)CCN(CC1=CC=C(C=C1)C2=CC=C(C=C2)C(F)(F)F)C(=O)CN3C4=C(CCC4)C(=O)N=C3SCC5=CC=C(C=C5)F
dauer-inducing pheromone,
deferoxamine,CC(=O)N(CCCCCNC(=O)CCC(=O)N(CCCCCNC(=O)CCC(=O)N(CCCCCN)O)O)O
deguelin,CC1(C=CC2=C(O1)C=CC3=C2OC4COC5=CC(=C(C=C5C4C3=O)OC)OC)C
dehydroabietic acid,CC(C)C1=CC2=C(C=C1)C3(CCCC(C3CC2)(C)C(=O)O)C
dehydroascorbic acid,C(C(C1C(=O)C(=O)C(=O)O1)O)O
dehydroepiandrosterone sulfate,CC12CCC3C(C1CCC2=O)CC=C4C3(CCC(C4)OS(=O)(=O)O)C
demeclocycline hydrochloride,CN(C)C1C2CC3C(C4=C(C=CC(=C4C(=C3C(=O)C2(C(=C(C1=O)C(=O)N)O)O)O)O)Cl)O.Cl
demethylpipodophyllotoxin,
dequalinium,CC1=[N+](C2=CC=CC=C2C(=C1)N)CCCCCCCCCC[N+]3=C(C=C(C4=CC=CC=C43)N)C
dequalinium chloride,CC1=[N+](C2=CC=CC=C2C(=C1)N)CCCCCCCCCC[N+]3=C(C=C(C4=CC=CC=C43)N)C.[Cl-].[Cl-]
deta nonoate,C(CN(CCN)[N+](=NO)[O-])N
deuterium oxide,O
dexamethasone sodium phosphate,CC1CC2C3CCC4=CC(=O)C=CC4(C3(C(CC2(C1(C(=O)COP(=O)([O-])[O-])O)C)O)F)C.[Na+].[Na+]
dh376,C#CCOC1CCC(N(C1)C(=O)N2N=CC(=N2)C(C3=CC=C(C=C3)F)(C4=CC=C(C=C4)F)O)CC5=CC=CC=C5
dhhp-6,
diallyl trisulfide,C=CCSSSCC=C
diamide,CN(C)C(=O)N=NC(=O)N(C)C
dibromoacetic acid,C(C(=O)O)(Br)Br
dichloroacetate,C(C(=O)[O-])(Cl)Cl
diethyl maleate,CCOC(=O)C=CC(=O)OCC
diethyldithiocarbamate,CCN(CC)C(=S)[S-]
diethylhydroxylamine,CCN(CC)O
diethylnitrosamine,CCN(CC)N=O
dihydroergocristine methanesulfonate,CC(C)C1(C(=O)N2C(C(=O)N3CCCC3C2(O1)O)CC4=CC=CC=C4)NC(=O)C5CC6C(CC7=CNC8=CC=CC6=C78)N(C5)C.CS(=O)(=O)O
dihydroergotamine methanesulfonate,CC1(C(=O)N2C(C(=O)N3CCCC3C2(O1)O)CC4=CC=CC=C4)NC(=O)C5CC6C(CC7=CNC8=CC=CC6=C78)N(C5)C.CS(=O)(=O)O
dihydromyricetin,C1=C(C=C(C(=C1O)O)O)C2C(C(=O)C3=C(C=C(C=C3O2)O)O)O
dihydrorotenon,
dihydrorotenone,CC(C)C1CC2=C(O1)C=CC3=C2OC4COC5=CC(=C(C=C5C4C3=O)OC)OC
dihydroxyflavone,C1=CC=C(C=C1)C2=C(C(=O)C3=C(C=CC=C3O2)O)O
dihydrozeatin,CC(CCNC1=NC=NC2=C1NC=N2)CO
diiodomethane,C(I)I
dimethyl formamide,CN(C)C=O
dimethyl fumarate,COC(=O)C=CC(=O)OC
dimethyl sulfide,CSC
dimethyl sulfoxide,CS(=O)C
dimethylaminoethyl p-chlorophenoxyacetate,CN(C)CCOC(=O)COC1=CC=C(C=C1)Cl
diosgenin,CC1CCC2(C(C3C(O2)CC4C3(CCC5C4CC=C6C5(CCC(C6)O)C)C)C)OC1
diphenhydramine hcl,CN(C)CCOC(C1=CC=CC=C1)C2=CC=CC=C2.Cl
diphyenyleneiodonium chloride,
disulfiram,CCN(CC)C(=S)SSC(=S)N(CC)CC
dl-isocitrate,
dl-lactate,CC(C(=O)[O-])O
dnic-1a,
dofetilide,CN(CCC1=CC=C(C=C1)NS(=O)(=O)C)CCOC2=CC=C(C=C2)NS(=O)(=O)C
doxazosin mesylate,COC1=C(C=C2C(=C1)C(=NC(=N2)N3CCN(CC3)C(=O)C4COC5=CC=CC=C5O4)N)OC.CS(=O)(=O)O
doxycycline,CC1C2C(C3C(C(=O)C(=C(C3(C(=O)C2=C(C4=C1C=CC=C4O)O)O)O)C(=O)N)N(C)C)O
doxycycline hydrochloride,CC1C2C(C3C(C(=O)C(=C(C3(C(=O)C2=C(C4=C1C=CC=C4O)O)O)O)C(=O)N)N(C)C)O.Cl
doxylamine succinate,CC(C1=CC=CC=C1)(C2=CC=CC=N2)OCCN(C)C.C(CC(=O)O)C(=O)O
dtt,C(C(C(CS)O)O)S
echinacoside,CC1C(C(C(C(O1)OC2C(C(OC(C2OC(=O)C=CC3=CC(=C(C=C3)O)O)COC4C(C(C(C(O4)CO)O)O)O)OCCC5=CC(=C(C=C5)O)O)O)O)O)O
edetate calcium disodium,C(CN(CC(=O)[O-])CC(=O)[O-])N(CC(=O)[O-])CC(=O)[O-].[Na+].[Na+].[Ca+2]
edetate disodium,C(CN(CC(=O)O)CC(=O)[O-])N(CC(=O)O)CC(=O)[O-].O.O.[Na+].[Na+]
edetic acid,C(CN(CC(=O)O)CC(=O)O)N(CC(=O)O)CC(=O)O
egta,C(COCCOCCN(CC(=O)O)CC(=O)O)N(CC(=O)O)CC(=O)O
eicosapentaenoic acid,CCC=CCC=CCC=CCC=CCC=CCCCC(=O)O
electrolyzed reduced water,
eleutherococcus senticosus extract,
eliprodil,C1CN(CCC1CC2=CC=C(C=C2)F)CC(C3=CC=C(C=C3)Cl)O
ellagic acid,C1=C2C3=C(C(=C1O)O)OC(=O)C4=CC(=C(C(=C43)OC2=O)O)O
emblica officinalis extract,
emodin,CC1=CC2=C(C(=C1)O)C(=O)C3=C(C2=O)C=C(C=C3O)O
enalapril,CCOC(=O)C(CCC1=CC=CC=C1)NC(C)C(=O)N2CCCC2C(=O)O
enoxacin,CCN1C=C(C(=O)C2=CC(=C(N=C21)N3CCNCC3)F)C(=O)O
epicatechin,C1C(C(OC2=CC(=CC(=C21)O)O)C3=CC(=C(C=C3)O)O)O
epigallocatechin-3-gallate,C1C(C(OC2=CC(=CC(=C21)O)O)C3=CC(=C(C(=C3)O)O)O)OC(=O)C4=CC(=C(C(=C4)O)O)O
epimedium extract,
epitalon,CC(C(=O)NC(CCC(=O)O)C(=O)NC(CC(=O)O)C(=O)NCC(=O)O)N
epithalamin,CC(C(=O)NC(CCC(=O)O)C(=O)NC(CC(=O)O)C(=O)NCC(=O)O)N
epoxy pregnenolone,
erbstatin analog,
erchen wan,
erythorbic acid,C(C(C1C(=C(C(=O)O1)O)O)O)O
erythromycin,CCC1C(C(C(C(=O)C(CC(C(C(C(C(C(=O)O1)C)OC2CC(C(C(O2)C)O)(C)OC)C)OC3C(C(CC(O3)C)N(C)C)O)(C)O)C)C)O)(C)O
eserine,CC12CCN(C1N(C3=C2C=C(C=C3)OC(=O)NC)C)C
eserine hemisulfate salt,CC12CCN(C1N(C3=C2C=C(C=C3)OC(=O)NC)C)C.CC12CCN(C1N(C3=C2C=C(C=C3)OC(=O)NC)C)C.OS(=O)(=O)O
estradiol valerate,CCCCC(=O)OC1CCC2C1(CCC3C2CCC4=C3C=CC(=C4)O)C
ethanol,CCO
ethidium bromide,CC[N+]1=C2C=C(C=CC2=C3C=CC(=CC3=C1C4=CC=CC=C4)N)N.[Br-]
ethopropazine,CCN(CC)C(C)CN1C2=CC=CC=C2SC3=CC=CC=C31
ethopropazine hydrochloride,CCN(CC)C(C)CN1C2=CC=CC=C2SC3=CC=CC=C31.Cl
ethosuximide,CCC1(CC(=O)NC1=O)C
ethotoin,CCN1C(=O)C(NC1=O)C2=CC=CC=C2
ethoxyquin,CCOC1=CC2=C(C=C1)NC(C=C2C)(C)C
ethoxzolamide,CCOC1=CC2=C(C=C1)N=C(S2)S(=O)(=O)N
euk-134,COC1=CC=CC(=C1[O-])C=NCCN=CC2=C(C(=CC=C2)OC)[O-].[Cl-].[Mn+3]
euk-8,C1=CC=C(C(=C1)C=NCCN=CC2=CC=CC=C2[O-])[O-].[Cl-].[Mn+3]
everolimus,CC1CCC2CC(C(=CC=CC=CC(CC(C(=O)C(C(C(=CC(C(=O)CC(OC(=O)C3CCCCN3C(=O)C(=O)C1(O2)O)C(C)CC4CCC(C(C4)OC)OCCO)C)C)O)OC)C)C)C)OC
fccp,C1=CC(=CC=C1NN=C(C#N)C#N)OC(F)(F)F
felbinac,C1=CC=C(C=C1)C2=CC=C(C=C2)CC(=O)O
fenofibrate,CC(C)OC(=O)C(C)(C)OC1=CC=C(C=C1)C(=O)C2=CC=C(C=C2)Cl
ferric ammonium citrate,C(C(=O)O)C(CC(=O)O)(C(=O)O)O.N.[Fe+3]
ferrous chloride,Cl[Fe]Cl
ferulic acid,COC1=C(C=CC(=C1)C=CC(=O)O)O
ferulsinaic acid,CC1CC(C(C1COC2=CC3=C(C=C2)C=CC(=O)O3)(C)CCC(=O)O)C=C(C)C
fisetin,C1=CC(=C(C=C1C2=C(C(=O)C3=C(O2)C=C(C=C3)O)O)O)O
fish oil,
floxuridine,C1C(C(OC1N2C=C(C(=O)NC2=O)F)CO)O
flunarizine,C1CN(CCN1CC=CC2=CC=CC=C2)C(C3=CC=C(C=C3)F)C4=CC=C(C=C4)F
flunarizine hydrochloride,C1CN(CCN1CC=CC2=CC=CC=C2)C(C3=CC=C(C=C3)F)C4=CC=C(C=C4)F.Cl.Cl
flunarizine hydrochloride ii,
fluoranthene,C1=CC=C2C(=C1)C3=CC=CC4=C3C2=CC=C4
fluprednisolone,CC12CC(C3C(C1CCC2(C(=O)CO)O)CC(C4=CC(=O)C=CC34C)F)O
fluspirilene,C1CN(CCC12C(=O)NCN2C3=CC=CC=C3)CCCC(C4=CC=C(C=C4)F)C5=CC=C(C=C5)F
fluvastatin,CC(C)N1C2=CC=CC=C2C(=C1C=CC(CC(CC(=O)O)O)O)C3=CC=C(C=C3)F
fluvoxamine,COCCCCC(=NOCCN)C1=CC=C(C=C1)C(F)(F)F
folic acid,C1=CC(=CC=C1C(=O)NC(CCC(=O)O)C(=O)O)NCC2=CN=C3C(=N2)C(=O)NC(=N3)N
formonoetin,
fructose,C1C(C(C(C(O1)(CO)O)O)O)O
fucoxanthin,CC(=CC=CC=C(C)C=CC=C(C)C(=O)CC12C(CC(CC1(O2)C)O)(C)C)C=CC=C(C)C=C=C3C(CC(CC3(C)O)OC(=O)C)(C)C
fumarate,C(=CC(=O)[O-])C(=O)[O-]
furosemide,C1=COC(=C1)CNC2=CC(=C(C=C2C(=O)O)S(=O)(=O)N)Cl
fw1251,
fw1256,C1=CC=C(C=C1)P2(=S)NC3=CC=CC=C3O2
g109,
galactose,C(C1C(C(C(C(O1)O)O)O)O)O
gallic acid,C1=C(C=C(C(=C1O)O)O)C(=O)O
gamma-tocopherol,CC1=C(C=C2CCC(OC2=C1C)(C)CCCC(C)CCCC(C)CCCC(C)C)O
ganoderma lucidum extract,
garlic extract,
gdf11,
gedunin,CC(=O)OC1CC2C(C(=O)C=CC2(C3C1(C45C(O4)C(=O)OC(C5(CC3)C)C6=COC=C6)C)C)(C)C
geldanamycin,CC1CC(C(C(C=C(C(C(C=CC=C(C(=O)NC2=CC(=O)C(=C(C1)C2=O)OC)C)OC)OC(=O)N)C)C)O)OC
genistein,C1=CC(=CC=C1C2=COC3=CC(=CC(=C3C2=O)O)O)O
geranylgeranylacetone,CC(=CCCC(=CCCC(=CCCC(=CCCC(=O)C)C)C)C)C
geri-bp002a,
ginkgo biloba extract,
ginseng extract,
glaucarubinone,CCC(C)(C(=O)OC1C2C(C(C3(C4C2(CO3)C(CC5C4(C(C(=O)C=C5C)O)C)OC1=O)O)O)C)O
gliotoxin,CN1C(=O)C23CC4=CC=CC(C4N2C(=O)C1(SS3)CO)O
glucomannan hydrolysate,
gluconic acid,C(C(C(C(C(C(=O)O)O)O)O)O)O
glucose,C(C1C(C(C(C(O1)O)O)O)O)O
glutamate,C(CC(=O)O)C(C(=O)O)N
glutamine,C(CC(=O)N)C(C(=O)O)N
glutathione,C(CC(=O)NC(CS)C(=O)NCC(=O)O)C(C(=O)O)N
glyceollin i,CC1(C=CC2=C(O1)C=CC3=C2OCC4(C3OC5=C4C=CC(=C5)O)O)C
glycerol,C(C(CO)O)O
glycine,C(C(=O)O)N
glycyrrhizae radix extract,
gr-4d,
gramicidin,
green tea extract,
guanabenz acetate,CC(=O)O.C1=CC(=C(C(=C1)Cl)C=NN=C(N)N)Cl
guanfacine hydrochloride,C1=CC(=C(C(=C1)Cl)CC(=O)N=C(N)N)Cl.Cl
guanine,C1=NC2=C(N1)C(=O)NC(=N2)N
guarana extract,
gyy4137,COC1=CC=C(C=C1)P(=S)(N2CCOCC2)S.C1COCCN1
ha-1004,C1=CC2=C(C=CN=C2)C(=C1)S(=O)(=O)NCCN=C(N)N
ha-1077,C1CNCCN(C1)S(=O)(=O)C2=CC=CC3=C2C=CN=C3
haloperidol,C1CN(CCC1(C2=CC=C(C=C2)Cl)O)CCCC(=O)C3=CC=C(C=C3)F
hesperetin,COC1=C(C=C(C=C1)C2CC(=O)C3=C(C=C(C=C3O2)O)O)O
hesperidin,CC1C(C(C(C(O1)OCC2C(C(C(C(O2)OC3=CC(=C4C(=O)CC(OC4=C3)C5=CC(=C(C=C5)OC)O)O)O)O)O)O)O)O
hexachlorophene,C1=C(C(=C(C(=C1Cl)Cl)CC2=C(C(=CC(=C2Cl)Cl)Cl)O)O)Cl
hexahydro-sila-diphenidol,C1CCC(CC1)[Si](CCCN2CCCCC2)(C3=CC=CC=C3)O
hf,[Hf]
hf-hq,
hispidol,C1=CC(=CC=C1C=C2C(=O)C3=C(O2)C=C(C=C3)O)O
histidine,C1=C(NC=N1)CC(C(=O)O)N
holothuria scabra extract,
homocysteine,C(CS)C(C(=O)O)N
hon tsai tai extract,
huan shao dan,
huminfeed,
huperzine a,CC=C1C2CC3=C(C1(CC(=C2)C)N)C=CC(=O)N3
hydralazine,C1=CC=C2C(=C1)C=NN=C2NN
hydrocortisone,CC12CCC(=O)C=C1CCC3C2C(CC4(C3CCC4(C(=O)CO)O)C)O
hydrocortisone acetate,CC(=O)OCC(=O)C1(CCC2C1(CC(C3C2CCC4=CC(=O)CCC34C)O)C)O
hydrogen iodide,I
hydrogen sulphide,S
hydroxylamine hydrochloride,NO.Cl
hydroxyprogesterone caproate,CCCCCC(=O)OC1(CCC2C1(CCC3C2CCC4=CC(=O)CCC34C)C)C(=O)C
hypotaurine,C(CS(=O)O)N
i-bet,
ibet,
ibuprofen,CC(C)CC1=CC=C(C=C1)C(C)C(=O)O
icariin,CC1C(C(C(C(O1)OC2=C(OC3=C(C2=O)C(=CC(=C3CC=C(C)C)OC4C(C(C(C(O4)CO)O)O)O)O)C5=CC=C(C=C5)OC)O)O)O
ikarugamycin,CCC1C(CC2C1C=CC3C2CC4C3CC=CC(=O)NCCCC5C(=O)C(=C(C=C4)O)C(=O)N5)C
imatinib mesylate,CC1=C(C=C(C=C1)NC(=O)C2=CC=C(C=C2)CN3CCN(CC3)C)NC4=NC=CC(=N4)C5=CN=CC=C5.CS(=O)(=O)O
ims2186,CC1=CC2=C(C=C1)OCC(=CC3=CC(=C(C=C3)OC)O)C2=O
indirubin,C1=CC=C2C(=C1)C(=C(N2)O)C3=NC4=CC=CC=C4C3=O
indole,C1=CC=C2C(=C1)C=CN2
indole-3-acetic acid,C1=CC=C2C(=C1)C(=CN2)CC(=O)O
indolepropionamide,C1=CC=C2C(=C1)C(=CN2)CCC(=O)N
indomethacin,CC1=C(C2=C(N1C(=O)C3=CC=C(C=C3)Cl)C=CC(=C2)OC)CC(=O)O
inositol,C1(C(C(C(C(C1O)O)O)O)O)O
int-767d (fxr/tgr5 agonist),
inulin,
iodine,II
iodoform,C(I)(I)I
ip6,C1(C(C(C(C(C1OP(=O)(O)O)OP(=O)(O)O)OP(=O)(O)O)OP(=O)(O)O)OP(=O)(O)O)OP(=O)(O)O
isoleucine,CCC(C)C(C(=O)O)N
isoprenol,CC(=C)CCO
isorhamnetin,COC1=C(C=CC(=C1)C2=C(C(=O)C3=C(C=C(C=C3O2)O)O)O)O
isosilybin a/b,
isrib,C1CC(CCC1NC(=O)COC2=CC=C(C=C2)Cl)NC(=O)COC3=CC=C(C=C3)Cl
itraconazole,CCC(C)N1C(=O)N(C=N1)C2=CC=C(C=C2)N3CCN(CC3)C4=CC=C(C=C4)OCC5COC(O5)(CN6C=NC=N6)C7=C(C=C(C=C7)Cl)Cl
ivabradine,CN(CCCN1CCC2=CC(=C(C=C2CC1=O)OC)OC)CC3CC4=CC(=C(C=C34)OC)OC
ivermectin,
j147,CC1=CC(=C(C=C1)N(C(=O)C(F)(F)F)N=CC2=CC(=CC=C2)OC)C
jania acutilobum extract,
jjh221,
jjh248,
jjh250,
jjh253,
jjh254,C1CN(CCC1CCC2=CC=C(C=C2)Cl)C(=O)ON3C(=O)C4CN(CCN4C3=O)C(=O)N5CCOCC5
jjh322,
jjh331,
jmn21,
js-k,CCOC(=O)N1CCN(CC1)[N+](=NOC2=C(C=C(C=C2)[N+](=O)[O-])[N+](=O)[O-])[O-]
jsk,C1C(C(C(N1)CN2C=C(N=N2)C3=CC=C(C=C3)OCCOCCN=[N+]=N)O)O
jt271-3,
juglone,C1=CC2=C(C(=O)C=CC2=O)C(=C1)O
jujube fruit extract,
jw1036,
jw1038,
jw1039,
jw480,CC(C)C1=CC=CC=C1OC(=O)NCCC2=CC3=CC=CC=C3C=C2
jw651,C1CN(CCN1C(C2=CC=C(C=C2)Cl)C3=CC=C(C=C3)Cl)C(=O)OC(C(F)(F)F)C(F)(F)F
kaempferol,C1=CC(=CC=C1C2=C(C(=O)C3=C(C=C(C=C3O2)O)O)O)O
kanamycin a sulfate,C1C(C(C(C(C1N)OC2C(C(C(C(O2)CN)O)O)O)O)OC3C(C(C(C(O3)CO)O)N)O)N.OS(=O)(=O)O
kc01,CCCCCCCCCCCCCC1C(=CCCCCC(=O)N)C(=O)O1
kc02,C1=CC=C(C=C1)CCC2C(=CCCCCC(=O)N)C(=O)O2
kc03,
kc07,
kenpaullone,C1C2=C(C3=CC=CC=C3NC1=O)NC4=C2C=C(C=C4)Br
ketanserin tartrate,C1CN(CCC1C(=O)C2=CC=C(C=C2)F)CCN3C(=O)C4=CC=CC=C4NC3=O.C(C(C(=O)O)O)(C(=O)O)O
kinetin,C1=COC(=C1)CNC2=NC=NC3=C2NC=N3
klh40-1,
klh45b,C1CCC(CC1)N(CCC2=CC=CC=C2)C(=O)N3C=C(N=N3)C4=CC=C(C=C4)OC(F)(F)F
klh46,
kml29,C1CN(CCC1C(C2=CC3=C(C=C2)OCO3)(C4=CC5=C(C=C4)OCO5)O)C(=O)OC(C(F)(F)F)C(F)(F)F
kn-93,CN(CC=CC1=CC=C(C=C1)Cl)CC2=CC=CC=C2N(CCO)S(=O)(=O)C3=CC=C(C=C3)OC
korean mistletoe extract,
krill oil,
kt109,C1CCN(C(C1)CC2=CC=CC=C2)C(=O)N3C=C(N=N3)C4=CC=C(C=C4)C5=CC=CC=C5
kt116,
kt117,
kt120,
kt135,
kt138,
kt140,
kt167,
kt170,
kt172,COC1=CC=CC=C1C2=CC=C(C=C2)C3=CN(N=N3)C(=O)N4CCCCC4CC5=CC=CC=C5
kt186,
kt195,COC1=CC=C(C=C1)C2=CC=C(C=C2)C3=CN(N=N3)C(=O)N4CCCCC4C5=CC=CC=C5
kt203,C1CCN(C(C1)CC2=CC=CC=C2)C(=O)N3C=C(N=N3)C4=CC=C(C=C4)C5=CC(=CC=C5)C(=O)O
ku0063794,CC1CN(CC(O1)C)C2=NC3=C(C=CC(=N3)C4=CC(=C(C=C4)OC)CO)C(=N2)N5CCOCC5
kynurenic acid,C1=CC=C2C(=C1)C(=O)C=C(N2)C(=O)O
l-carnitine,C[N+](C)(C)CC(CC(=O)[O-])O
l-deprenyl,CC(CC1=CC=CC=C1)N(C)CC#C
l-glu-l-trp dipeptide,
l-gulonolactone,C(C(C1C(C(C(=O)O1)O)O)O)O
l-histidine methyl ester,COC(=O)C(CC1=CN=CN1)N
l-theanine,CCNC(=O)CCC(C(=O)O)N
l-thyroxine sodium,C1=C(C=C(C(=C1I)OC2=CC(=C(C(=C2)I)O)I)I)CC(C(=O)[O-])N.[Na+]
l-valine,CC(C)C(C(=O)O)N
l2-cmu (igf-1r antagonist),
lactic acid,CC(C(=O)O)O
lamotrigine,C1=CC(=C(C(=C1)Cl)Cl)C2=C(N=C(N=N2)N)N
lappaol c,COC1=CC(=CC(=C1O)C(CO)C(C2=CC(=C(C=C2)O)OC)O)CC3COC(=O)C3CC4=CC(=C(C=C4)O)OC
lappaol f,COC1=CC(=CC2=C1OC(C2CO)C3=CC(=C(C=C3)O)OC)CC4COC(=O)C4CC5=CC6=C(C(=C5)OC)OC(C6CO)C7=CC(=C(C=C7)O)OC
lead acetate,
leucine,CC(C)CC(C(=O)O)N
levodopa,C1=CC(=C(C=C1CC(C(=O)O)N)O)O
levosulpiride,CCN1CCCC1CNC(=O)C2=C(C=CC(=C2)S(=O)(=O)N)OC
lfm-a13,CC(=C(C#N)C(=O)NC1=C(C=CC(=C1)Br)Br)O
licochalcone a,CC(C)(C=C)C1=C(C=C(C(=C1)C=CC(=O)C2=CC=C(C=C2)O)OC)O
limonin,CC1(C2CC(=O)C3(C(C24COC(=O)CC4O1)CCC5(C36C(O6)C(=O)OC5C7=COC=C7)C)C)C
lithium chloride,[Li+].[Cl-]
lithocholic acid,CC(CCC(=O)O)C1CCC2C1(CCC3C2CCC4C3(CCC(C4)O)C)C
liuwei dihuang wan,
lomefloxacin hydrochloride,CCN1C=C(C(=O)C2=CC(=C(C(=C21)F)N3CCNC(C3)C)F)C(=O)O.Cl
lonicera japonica extract,
lonidamine,C1=CC=C2C(=C1)C(=NN2CC3=C(C=C(C=C3)Cl)Cl)C(=O)O
loratadine,CCOC(=O)N1CCC(=C2C3=C(CCC4=C2N=CC=C4)C=C(C=C3)Cl)CC1
lorglumide sodium,CCCCCN(CCCCC)C(=O)C(CCC(=O)[O-])NC(=O)C1=CC(=C(C=C1)Cl)Cl.[Na+]
losartan,CCCCC1=NC(=C(N1CC2=CC=C(C=C2)C3=CC=CC=C3C4=NNN=N4)CO)Cl
lovastin,CCC(C)C(=O)OC1CC(C=C2C1C(C(C=C2)C)CCC3CC(CC(=O)O3)O)C
lovaza,CCC=CCC=CCC=CCC=CCC=CCCCC(=O)OCC.CCC=CCC=CCC=CCC=CCC=CCC=CCCC(=O)OCC
loxapine,CN1CCN(CC1)C2=NC3=CC=CC=C3OC4=C2C=C(C=C4)Cl
loxapine succinate,CN1CCN(CC1)C2=NC3=CC=CC=C3OC4=C2C=C(C=C4)Cl.C(CC(=O)O)C(=O)O
ludwigia octovalvis extract,
lutein,CC1=C(C(CC(C1)O)(C)C)C=CC(=CC=CC(=CC=CC=C(C)C=CC=C(C)C=CC2C(=CC(CC2(C)C)O)C)C)C
luteolin,C1=CC(=C(C=C1C2=CC(=O)C3=C(C=C(C=C3O2)O)O)O)O
"ly-165,163",C1CN(CCN1CCC2=CC=C(C=C2)N)C3=CC=CC(=C3)C(F)(F)F
ly-294002,C1COCCN1C2=CC(=O)C3=C(O2)C(=CC=C3)C4=CC=CC=C4
"ly-367,265",C1CC2=C3C(=CC=C2)N(S(=O)(=O)N3C1)CCN4CCC(=CC4)C5=CNC6=C5C=CC(=C6)F
ly165_163,
ly444711 (ghs-r1a agonist),
lysine,C(CCN)CC(C(=O)O)N
m084,CCCCNC1=NC2=CC=CC=C2N1
magnesium chloride,[Mg+2].[Cl-].[Cl-]
magnesium l-thiazolidine-4-carboxylate,
mahma-nonoate,C[NH2+]CCCCCCN(C)[N+](=N[O-])[O-]
malate,C(C(C(=O)O)O)C(=O)O
maltose,C(C1C(C(C(C(O1)OC2C(OC(C(C2O)O)O)CO)O)O)O)O
marine collagen peptides,
matairesinol,COC1=C(C=CC(=C1)CC2COC(=O)C2CC3=CC(=C(C=C3)O)OC)O
"mebhydroline 1,5-napthalenedisulfonate",
meclizine,CC1=CC(=CC=C1)CN2CCN(CC2)C(C3=CC=CC=C3)C4=CC=C(C=C4)Cl
meclofenoxate,CN(C)CCOC(=O)COC1=CC=C(C=C1)Cl
medium-chain triglyceride oil,
melatonin,CC(=O)NCCC1=CNC2=C1C=C(C=C2)OC
memantine hydrochloride,CC12CC3CC(C1)(CC(C3)(C2)N)C.Cl
menadione,CC1=CC(=O)C2=CC=CC=C2C1=O
mercuric chloride,Cl[Hg]Cl
metamizole,CC1=C(C(=O)N(N1C)C2=CC=CC=C2)N(C)CS(=O)(=O)O
metergoline,CN1CC(CC2C1CC3=CN(C4=CC=CC2=C34)C)CNC(=O)OCC5=CC=CC=C5
metformin,CN(C)C(=N)N=C(N)N
methanol,CO
methionine,CSCCC(C(=O)O)N
methoxycatechol,
methoxypsoralen,COC1=C2C(=CC3=C1OC=C3)C=CC(=O)O2
"methyl 3,4-dihydroxybenzoate",COC(=O)C1=CC(=C(C=C1)O)O
methylbenzethonium cl,
methylene blue,CN(C)C1=CC2=C(C=C1)N=C3C=CC(=[N+](C)C)C=C3S2.[Cl-]
methylergonovine maleate,CCC(CO)NC(=O)C1CN(C2CC3=CNC4=CC=CC(=C34)C2=C1)C.C(=CC(=O)O)C(=O)O
methylmercury acetate,CC(=O)O[Hg]C
metolazone,CC1NC2=CC(=C(C=C2C(=O)N1C3=CC=CC=C3C)S(=O)(=O)N)Cl
metoprolol,CC(C)NCC(COC1=CC=C(C=C1)CCOC)O
mg624,CC[N+](CC)(CC)CCOC1=CC=C(C=C1)C=CC2=CC=CC=C2.[I-]
mianserin,CN1CCN2C(C1)C3=CC=CC=C3CC4=CC=CC=C42
mif098 (cd74 antagonist),
mifepristone,CC#CC1(CCC2C1(CC(C3=C4CCC(=O)C=C4CCC23)C5=CC=C(C=C5)N(C)C)C)O
milnacipran hydrochloride,CCN(CC)C(=O)C1(CC1CN)C2=CC=CC=C2.Cl
minocycline,CN(C)C1C2CC3CC4=C(C=CC(=C4C(=C3C(=O)C2(C(=C(C1=O)C(=O)N)O)O)O)O)N(C)C
minocycline hydrochloride,CN(C)C1C2CC3CC4=C(C=CC(=C4C(=C3C(=O)C2(C(=C(C1=O)C(=O)N)O)O)O)O)N(C)C.Cl
mitoq,CC1=C(C(=O)C(=C(C1=O)OC)OC)CCCCCCCCCC[P+](C2=CC=CC=C2)(C3=CC=CC=C3)C4=CC=CC=C4.CS(=O)(=O)[O-]
mjn200,
mjn202,
monorden,CC1CC2C(O2)C=CC=CC(=O)CC3=C(C(=CC(=C3Cl)O)O)C(=O)O1
morphine,CN1CCC23C4C1CC5=C2C(=C(C=C5)O)OC3C(C=C4)O
morpholinosydnonimine hcl,
mptp,CN1CCC(=CC1)C2=CC=CC=C2
mulberry extract,
mussel extract,
mycophenolic acid,CC1=C2COC(=O)C2=C(C(=C1OC)CC=C(C)CCC(=O)O)O
myleran,CS(=O)(=O)OCCCCOS(=O)(=O)C
myricetin,C1=C(C=C(C(=C1O)O)O)C2=C(C(=O)C3=C(C=C(C=C3O2)O)O)O
myriocin,CCCCCCC(=O)CCCCCCC=CCC(C(C(CO)(C(=O)O)N)O)O
myxothiazol,CC(C)C=CC=CC(C)C1=NC(=CS1)C2=NC(=CS2)C=CC(C(C)C(=CC(=O)N)OC)OC
n-(2-[4-(4-chlorophenyl)piperazin-1-yl]ethyl)-3-methoxybenzamide,COC1=CC=CC(=C1)C(=O)NCCN2CCN(CC2)C3=CC=C(C=C3)Cl
n-(3-(aminomethyl)benzyl)acetamidine,CC(=NCC1=CC=CC(=C1)CN)N
n-acetyl serine,
n-acetyl-l-cysteine,CC(=O)NC(CS)C(=O)O
n-acetyl-l-histidine,CC(=O)NC(CC1=CN=CN1)C(=O)O
n-acetylglucosamine,CC(=O)NC(C=O)C(C(C(CO)O)O)O
n-nitrosodimethylamine,CN(C)N=O
n-tert-butyl-alpha-phenylnitrone,CC(C)(C)[N+](=CC1=CC=CC=C1)[O-]
n6-benzyladenine,C1=CC=C(C=C1)CNC2=NC=NC3=C2NC=N3
n6-isopentenyladenine,CC(=CCNC1=NC=NC2=C1NC=N2)C
nafadotride,CCCCN1CCCC1CNC(=O)C2=C(C3=CC=CC=C3C(=C2)C#N)OC
naftopidil dihydrochloride,COC1=CC=CC=C1N2CCN(CC2)CC(COC3=CC=CC4=CC=CC=C43)O.Cl.Cl
naphthazarin,C1=CC(=C2C(=O)C=CC(=O)C2=C1O)O
naproxen,CC(C1=CC2=C(C=C1)C=C(C=C2)OC)C(=O)O
naringenin,C1C(OC2=CC(=CC(=C2C1=O)O)O)C3=CC=C(C=C3)O
naringin,CC1C(C(C(C(O1)OC2C(C(C(OC2OC3=CC(=C4C(=O)CC(OC4=C3)C5=CC=C(C=C5)O)O)CO)O)O)O)O)O
nebirapine,
nebivolol,C1CC2=C(C=CC(=C2)F)OC1C(CNCC(C3CCC4=C(O3)C=CC(=C4)F)O)O
nectarine extract,
nicardipine hydrochloride,CC1=C(C(C(=C(N1)C)C(=O)OCCN(C)CC2=CC=CC=C2)C3=CC(=CC=C3)[N+](=O)[O-])C(=O)OC.Cl
nickelous acetate,CC(=O)[O-].CC(=O)[O-].[Ni+2]
nicolsamide,C1=CC(=C(C=C1[N+](=O)[O-])Cl)NC(=O)C2=C(C=CC(=C2)Cl)O
nicotinamide,C1=CC(=CN=C1)C(=O)N
nicotinamide adenine dinucleotide,C1=CC(=C[N+](=C1)C2C(C(C(O2)COP(=O)([O-])OP(=O)(O)OCC3C(C(C(O3)N4C=NC5=C(N=CN=C54)N)O)O)O)O)C(=O)N
nicotinamide mononucleotide,C1=CC(=C[N+](=C1)C2C(C(C(O2)COP(=O)(O)[O-])O)O)C(=O)N
nicotinamide riboside,C1=CC(=C[N+](=C1)C2C(C(C(O2)CO)O)O)C(=O)N
nicotine,CN1CCCC1C2=CN=CC=C2
nisoldipine,CC1=C(C(C(=C(N1)C)C(=O)OCC(C)C)C2=CC=CC=C2[N+](=O)[O-])C(=O)OC
nitrendipine,CCOC(=O)C1=C(NC(=C(C1C2=CC(=CC=C2)[N+](=O)[O-])C(=O)OC)C)C
nitroflurbiprofen,CC(C1=CC(=C(C=C1)C2=CC=CC=C2)F)C(=O)OCCCCO[N+](=O)[O-]
nitrophenyl piperazine containing compound 1,
nitrosodimethylurea,CNC(=O)N(C)N=O
nobiletin,COC1=C(C=C(C=C1)C2=CC(=O)C3=C(O2)C(=C(C(=C3OC)OC)OC)OC)OC
nocodazole,COC(=O)NC1=NC2=C(N1)C=C(C=C2)C(=O)C3=CC=CS3
nolinospiroside f,CC1CCC2(C(C3C(O2)CC4C3(CCC5C4CC=C6C5(C(CC(C6)OC7C(C(C(C(O7)C)O)O)O)OC8C(C(C(C(O8)C)O)O)O)C)C)C)OC1
norcantharidin,C1CC2C3C(C1O2)C(=O)OC3=O
nordihydroguaiaretic acid,CC(CC1=CC(=C(C=C1)O)O)C(C)CC2=CC(=C(C=C2)O)O
nortriptyline hydrochloride,CNCCC=C1C2=CC=CC=C2CCC3=CC=CC=C31.Cl
np1,CC1=CC(=C(C=C1)NCCCN)[N+](=O)[O-]
ns-398,CS(=O)(=O)NC1=C(C=C(C=C1)[N+](=O)[O-])OC2CCCCC2
nsc 11926 (aristolochic acid i),
nsc 45923 (8-methyoxypsoralen),
nsc170984 (pimozide),
nsc666076,CN1C(=C(C2=CC=CC=C2S1(=O)=O)O)C(=O)NC3=CC=CC=N3
nt219,C1=CC(=C(C(=C1C=CC(=S)NCC2=CC(=C(C(=C2)O)O)O)Br)O)O
o13,
o6-benzylguanine,C1=CC=C(C=C1)COC2=NC(=NC3=C2NC=N3)N
obeticholic acid,CCC1C2CC(CCC2(C3CCC4(C(C3C1O)CCC4C(C)CCC(=O)O)C)C)O
octoclothepin maleate,CN1CCN(CC1)C2CC3=CC=CC=C3SC4=C2C=C(C=C4)Cl.C(=CC(=O)O)C(=O)O
octoclothepin/loxapine,
oleanolic acid,CC1(CCC2(CCC3(C(=CCC4C3(CCC5C4(CCC(C5(C)C)O)C)C)C2C1)C)C(=O)O)C
oleic acid,CCCCCCCCC=CCCCCCCCC(=O)O
olive oil,
omega-3 monoacylglyceride docosahexaenoic acid,
omega-6,
ononetin,COC1=CC=C(C=C1)CC(=O)C2=C(C=C(C=C2)O)O
oregano extract,
oridonin,CC1(CCC(C23C1C(C(C45C2CCC(C4O)C(=C)C5=O)(OC3)O)O)O)C
ornithine,C(CC(C(=O)O)N)CN
orotate,C1=C(NC(=O)NC1=O)C(=O)[O-]
ortho-topolin,C1=CC=C(C(=C1)CNC2=NC=NC3=C2NC=N3)O
otophylloside b,CC1C(C(CC(O1)OC2C(OC(CC2OC)OC3C(OC(CC3OC)OC4CCC5(C6CC(C7(C(CCC7(C6(CC=C5C4)O)O)(C(=O)C)O)C)OC(=O)C=C(C)C(C)C)C)C)C)OC)O
oxaloacetate,C(C(=O)C(=O)O)C(=O)O
oxarbazepine,
oxatomide,C1CN(CCN1CCCN2C3=CC=CC=C3NC2=O)C(C4=CC=CC=C4)C5=CC=CC=C5
oxcarbazepine,C1C2=CC=CC=C2N(C3=CC=CC=C3C1=O)C(=O)N
oxoline,C1=CC=C2C(=C1)C(=O)C(=O)C(=O)C2=O
oxyresveratrol,C1=CC(=C(C=C1O)O)C=CC2=CC(=CC(=C2)O)O
p-coumaric acid,C1=CC(=CC=C1C=CC(=O)O)O
p-fluorophenylalanine,C1=CC(=CC=C1CC(C(=O)O)N)F
palmatine,COC1=C(C2=C[N+]3=C(C=C2C=C1)C4=CC(=C(C=C4CC3)OC)OC)OC
palmitic acid,CCCCCCCCCCCCCCCC(=O)O
palmitoleic acid,CCCCCCC=CCCCCCCCC(=O)O
palmostatin b,CCCCCCCCCCC1C(OC1=O)CCC2=CC(=C(C=C2)OC)OC
palmostatin m,CCCCCCCCCCC1C(OC1=O)CCCCS(=O)(=O)CCCN(C)C
panax notoginseng extract,
pantothenic acid,CC(C)(CO)C(C(=O)NCCC(=O)O)O
para-topolin,C1=CC(=CC=C1CNC2=NC=NC3=C2NC=N3)O
paraquat,C[N+]1=CC=C(C=C1)C2=CC=[N+](C=C2)C
paxilline,CC12CCC3C(=CC(=O)C(O3)C(C)(C)O)C1(CCC4C2(C5=C(C4)C6=CC=CC=C6N5)C)O
"pb125 (carnosol, withaferin a and luteolin)",
pd-98059,COC1=CC=CC(=C1N)C2=CC(=O)C3=CC=CC=C3O2
pdmp,CCCCCCCCCC(=O)NC(CN1CCOCC1)C(C)C2=CC=CC=C2.Cl
pergolide methanesulfonate,CCCN1CC(CC2C1CC3=CNC4=CC=CC2=C34)CSC.CS(=O)(=O)O
perphenazine,C1CN(CCN1CCCN2C3=CC=CC=C3SC4=C2C=C(C=C4)Cl)CCO
peyssonnelia extract,
pf-04457845,C1CN(CCC1=CC2=CC(=CC=C2)OC3=NC=C(C=C3)C(F)(F)F)C(=O)NC4=NN=CC=C4
phaseolus vulgaris extract,
phenelzine,C1=CC=C(C=C1)CCNN
phenelzine sulfate,C1=CC=C(C=C1)CCNN.OS(=O)(=O)O
phenformin,C1=CC=C(C=C1)CCN=C(N)N=C(N)N
phenobarbital,CCC1(C(=O)NC(=O)NC1=O)C2=CC=CC=C2
phenol,C1=CC=C(C=C1)O
phenoxybenzamine hydrochloride,CC(COC1=CC=CC=C1)N(CCCl)CC2=CC=CC=C2.Cl
phenyl furoxancarbonitrile,
phenylbutazone,CCCCC1C(=O)N(N(C1=O)C2=CC=CC=C2)C3=CC=CC=C3
phenylethanoid glycosides,
phenylfuroxancarbonitrile,
phloridzin,C1=CC(=CC=C1CCC(=O)C2=C(C=C(C=C2OC3C(C(C(C(O3)CO)O)O)O)O)O)O
phosphatidylcholine,
phosphatidylethanolamine,CC(=O)OCC(COP(=O)(O)OCCN)OC(=O)C
phosphatidylinositol ether lipid analogue 24,
phosphatidylinositol ether lipid analogue 6,
phosphatidylserine,CCCCCCCCCCCCCCCCCC(=O)OCC(COP(=O)(O)OCC(C(=O)O)N)OC(=O)CCCCCCCCCCCCCCCCC
phosphoenolpyruvate,C=C(C(=O)O)OP(=O)(O)O
piceatannol,C1=CC(=C(C=C1C=CC2=CC(=CC(=C2)O)O)O)O
picolinic acid,C1=CC=NC(=C1)C(=O)O
pictilisib,CS(=O)(=O)N1CCN(CC1)CC2=CC3=C(S2)C(=NC(=N3)C4=C5C=NNC5=CC=C4)N6CCOCC6
piericidin a,CC=C(C)C(C(C)C=C(C)C=CCC(=CCC1=C(C(=O)C(=C(N1)OC)OC)C)C)O
pilocarpine,CCC1C(COC1=O)CC2=CN=CN2C
pinaverium bromide,CC1(C2CCC(C1C2)CCOCC[N+]3(CCOCC3)CC4=CC(=C(C=C4Br)OC)OC)C.[Br-]
pine bark extract,
pineal gland extract,
pinitol,COC1C(C(C(C(C1O)O)O)O)O
pinvarium bromide,
pirenperone,CC1=C(C(=O)N2C=CC=CC2=N1)CCN3CCC(CC3)C(=O)C4=CC=C(C=C4)F
platanus orientalis extract,
platinum nanoparticles,
platycladus orientalis extract,
plumbagin,CC1=CC(=O)C2=C(C1=O)C=CC=C2O
plusminusbutaclamol-hcl,
pnu-74654,CC1=CC=C(O1)C=NNC(=O)C2=CC=CC=C2OC3=CC=CC=C3
podofilox,COC1=CC(=CC(=C1OC)OC)C2C3C(COC3=O)C(C4=CC5=C(C=C24)OCO5)O
polydatin,
polygonum multiflorum extract,
polyherbal phytomedicine,
polyvinylpyrrotidone,
pomegrenate juice,
potassium chloride,[Cl-].[K+]
potassium titanium oxalate,C(=O)(C(=O)[O-])[O-].C(=O)(C(=O)[O-])[O-].O=[Ti+2].[K+].[K+]
pp2 ag1879,
ppg,
pravastatin,CCC(C)C(=O)OC1CC(C=C2C1C(C(C=C2)C)CCC(CC(CC(=O)O)O)O)O
prednisolone sodium phosphate,CC12CC(C3C(C1CCC2(C(=O)COP(=O)([O-])[O-])O)CCC4=CC(=O)C=CC34C)O.[Na+].[Na+]
pregnenolone,CC(=O)C1CCC2C1(CCC3C2CC=C4C3(CCC(C4)O)C)C
prenol,CC(=CCO)C
proanthocycanidin,
procaine,CCN(CC)CCOC(=O)C1=CC=C(C=C1)N
procaine hcl,CCN(CC)CCOC(=O)C1=CC=C(C=C1)N.Cl
procyanidin c1,C1C(C(OC2=C1C(=CC(=C2C3C(C(OC4=C(C(=CC(=C34)O)O)C5C(C(OC6=CC(=CC(=C56)O)O)C7=CC(=C(C=C7)O)O)O)C8=CC(=C(C=C8)O)O)O)O)O)C9=CC(=C(C=C9)O)O)O
procyanidins,C1C(C(OC2=CC(=CC(=C21)O)O)C3=CC(=C(C=C3)O)O)OC4(C(C(C5=C(C=C(C=C5O4)O)O)O)O)C6=CC(=C(C=C6)O)O
proline,C1CC(NC1)C(=O)O
promazine hydrochloride,CN(C)CCCN1C2=CC=CC=C2SC3=CC=CC=C31.Cl
promethazine,CC(CN1C2=CC=CC=C2SC3=CC=CC=C31)N(C)C
promethazine hydrochloride,CC(CN1C2=CC=CC=C2SC3=CC=CC=C31)N(C)C.Cl
propafenone hydrochloride,CCCNCC(COC1=CC=CC=C1C(=O)CCC2=CC=CC=C2)O.Cl
propantheline bromide,CC(C)[N+](C)(CCOC(=O)C1C2=CC=CC=C2OC3=CC=CC=C13)C(C)C.[Br-]
propanthelinebromide,CC(C)[N+](C)(CCOC(=O)C1C2=CC=CC=C2OC3=CC=CC=C13)C(C)C.[Br-]
propionylpromazine hydrochloride,CCC(=O)C1=CC2=C(C=C1)SC3=CC=CC=C3N2CCCN(C)C.Cl
propyl gallate,CCCOC(=O)C1=CC(=C(C(=C1)O)O)O
protandim,
protocatechuic acid,C1=CC(=C(C=C1C(=O)O)O)O
prunetin,COC1=CC(=C2C(=C1)OC=C(C2=O)C3=CC=C(C=C3)O)O
psora-4,C1=CC=C(C=C1)CCCCOC2=C3C=CC(=O)OC3=CC4=C2C=CO4
psoralea corylifolia extract,
pterostilbene,COC1=CC(=CC(=C1)C=CC2=CC=C(C=C2)O)OC
puer tea extract,
purple sweet potato extract,
putrescine,C(CCN)CN
pyridoxine,CC1=NC=C(C(=C1O)CO)CO
pyrrolidine dithiocarbamate,C1CCN(C1)C(=S)S
pyrroloquinoline quinone,C1=C(C2=C(C(=O)C(=O)C3=C2NC(=C3)C(=O)O)N=C1C(=O)O)C(=O)O
pyruvate,CC(=O)C(=O)[O-]
q3'g,
q3m,CC(=O)NC1C(CC(C(C1O)O)CO)SC
quercetin,C1=CC(=C(C=C1C2=C(C(=O)C3=C(C=C(C=C3O2)O)O)O)O)O
quercetin dihydrate,C1=CC(=C(C=C1C2=C(C(=O)C3=C(C=C(C=C3O2)O)O)O)O)O.O.O
quinic acid,C1C(C(C(CC1(C(=O)O)O)O)O)O
quinidine sulfate,COC1=CC2=C(C=CN=C2C=C1)C(C3CC4CCN3CC4C=C)O.COC1=CC2=C(C=CN=C2C=C1)C(C3CC4CCN3CC4C=C)O.OS(=O)(=O)O
r(+)-sch-23390 hydrochloride,CN1CCC2=CC(=C(C=C2C(C1)C3=CC=CC=C3)O)Cl.Cl
rapamycin,CC1CCC2CC(C(=CC=CC=CC(CC(C(=O)C(C(C(=CC(C(=O)CC(OC(=O)C3CCCCN3C(=O)C(=O)C1(O2)O)C(C)CC4CCC(C(C4)OC)O)C)C)O)OC)C)C)C)OC
rasayana diet,
raspberry extract,
rebaudioside a,CC12CCCC(C1CCC34C2CCC(C3)(C(=C)C4)OC5C(C(C(C(O5)CO)O)OC6C(C(C(C(O6)CO)O)O)O)OC7C(C(C(C(O7)CO)O)O)O)(C)C(=O)OC8C(C(C(C(O8)CO)O)O)O
reishi extract,
reserpine,COC1C(CC2CN3CCC4=C(C3CC2C1C(=O)OC)NC5=C4C=CC(=C5)OC)OC(=O)C6=CC(=C(C(=C6)OC)OC)OC
resveratrol,C1=CC(=CC=C1C=CC2=CC(=CC(=C2)O)O)O
rhodiola rosea extract,
ribes fasciculatum extract,
riboflavin,CC1=CC2=C(C=C1C)N(C3=NC(=O)NC(=O)C3=N2)CC(C(C(CO)O)O)O
ribose,C1C(C(C(C(O1)O)O)O)O
rifampicin,CC1C=CC=C(C(=O)NC2=C(C(=C3C(=C2O)C(=C(C4=C3C(=O)C(O4)(OC=CC(C(C(C(C(C(C1O)C)O)C)OC(=O)C)C)OC)C)C)O)O)C=NN5CCN(CC5)C)C
rifamycin sv,CC1C=CC=C(C(=O)NC2=CC(=C3C(=C2O)C(=C(C4=C3C(=O)C(O4)(OC=CC(C(C(C(C(C(C1O)C)O)C)OC(=O)C)C)OC)C)C)O)O)C
ritodrine hydrochloride,CC(C(C1=CC=C(C=C1)O)O)NCCC2=CC=C(C=C2)O.Cl
rizatriptan benzoate,CN(C)CCC1=CNC2=C1C=C(C=C2)CN3C=NC=N3.C1=CC=C(C=C1)C(=O)O
rosa damascena extract,
rosmarinic acid,C1=CC(=C(C=C1CC(C(=O)O)OC(=O)C=CC2=CC(=C(C=C2)O)O)O)O
rotenone,CC(=C)C1CC2=C(O1)C=CC3=C2OC4COC5=CC(=C(C=C5C4C3=O)OC)OC
rotenone ii,
royal jelly,
royalactin,
rutin,CC1C(C(C(C(O1)OCC2C(C(C(C(O2)OC3=C(OC4=CC(=CC(=C4C3=O)O)O)C5=CC(=C(C=C5)O)O)O)O)O)O)O)O
"s,s-trolox-carnosine",
s-allylmercapto-n-acetylcysteine,CC(=O)N(C(CSCC=C)C(=O)O)S
salicylamide,C1=CC=C(C(=C1)C(=O)N)O
salicylamine,C1=CC=C(C(=C1)CN)O
salicylic acid,C1=CC=C(C(=C1)C(=O)O)O
salsalate,C1=CC=C(C(=C1)C(=O)OC2=CC=CC=C2C(=O)O)O
sandalwood oil,
sappanone a,C1C(=CC2=CC(=C(C=C2)O)O)C(=O)C3=C(O1)C=C(C=C3)O
sb203580,CS(=O)C1=CC=C(C=C1)C2=NC(=C(N2)C3=CC=NC=C3)C4=CC=C(C=C4)F
sc-560,COC1=CC=C(C=C1)N2C(=CC(=N2)C(F)(F)F)C3=CC=C(C=C3)Cl
sch23390,CN1CCC2=CC(=C(C=C2C(C1)C3=CC=CC=C3)O)Cl
scopolamine n-butylbromide,CCCC[N+]1(C2CC(CC1C3C2O3)OC(=O)C(CO)C4=CC=CC=C4)C.[Br-]
scopolaminenbutylbromide,
scriptaid,C1=CC2=C3C(=C1)C(=O)N(C(=O)C3=CC=C2)CCCCCC(=O)NO
scutellarein,C1=CC(=CC=C1C2=CC(=O)C3=C(O2)C=C(C(=C3O)O)O)O
secoisolariciresinol diglucoside,COC1=C(C=CC(=C1)CC(COC2C(C(C(C(O2)CO)O)O)O)C(CC3=CC(=C(C=C3)O)OC)COC4C(C(C(C(O4)CO)O)O)O)O
selenocysteine,C(C(C(=O)O)N)[SeH]
selenomethionine,C[Se]CCC(C(=O)O)N
serine,C(C(C(=O)O)N)O
sesame extract,
sesamin,C1C2C(COC2C3=CC4=C(C=C3)OCO4)C(O1)C5=CC6=C(C=C5)OCO6
sesamol,C1OC2=C(O1)C=C(C=C2)O
sesamolin,C1C2C(COC2OC3=CC4=C(C=C3)OCO4)C(O1)C5=CC6=C(C=C5)OCO6
sevelamer,
sg1002 (hydrogen sulfide donor),
shatavarin iv,CC1CCC2(C(C3C(O2)CC4C3(CCC5C4CCC6C5(CCC(C6)OC7C(C(C(C(O7)CO)OC8C(C(C(C(O8)C)O)O)O)O)OC9C(C(C(C(O9)CO)O)O)O)C)C)C)OC1
shengmai yin,
shi quan da bu wan,
silybin a/b,
silychristin a/b,
silydianin,COC1=C(C=CC(=C1)C2C3COC4(C3C(=CC2C4=O)C5C(C(=O)C6=C(C=C(C=C6O5)O)O)O)O)O
silymarin,COC1=C(C=CC(=C1)C2C(OC3=C(O2)C=C(C=C3)C4C(C(=O)C5=C(C=C(C=C5O4)O)O)O)CO)O
simvastatin,CCC(C)(C)C(=O)OC1CC(C=C2C1C(C(C=C2)C)CCC3CC(CC(=O)O3)O)C
skf83959,CC1=CC(=CC=C1)C2CN(CCC3=C(C(=C(C=C23)O)O)Cl)C
skf83959 hydrobromide,CC1=CC(=CC=C1)C2CN(CCC3=C(C(=C(C=C23)O)O)Cl)C.Br
skf95282,
skf95282 dimaleate,
skq1,CC1=C(C(=O)C(=CC1=O)CCCCCCCCCC[P+](C2=CC=CC=C2)(C3=CC=CC=C3)C4=CC=CC=C4)C.[Br-]
sodim cyclamate,
sodium azide,[N-]=[N+]=[N-].[Na+]
sodium borate,B1(OB2OB(OB(O1)O2)[O-])[O-].O.O.O.O.O.O.O.O.O.O.[Na+].[Na+]
sodium butyrate,CCCC(=O)[O-].[Na+]
sodium chloride,[Na+].[Cl-]
sodium citrate,C(C(=O)[O-])C(CC(=O)[O-])(C(=O)[O-])O.[Na+].[Na+].[Na+]
sodium fluoride,[F-].[Na+]
sodium hypophosphite,[O-]P=O.[Na+]
sodium l-thiazolidine-4-carboxylate,
sodium metaborate,B(=O)[O-].[Na+]
sodium nitroprusside,[C-]#N.[C-]#N.[C-]#N.[C-]#N.[C-]#N.N#[O+].[Na+].[Na+].[Fe+2]
sodium pyruvate,CC(=O)C(=O)[O-].[Na+]
sodium salicylate,C1=CC=C(C(=C1)C(=O)[O-])O.[Na+]
sodium thiosulfate,[O-]S(=O)(=S)[O-].[Na+].[Na+]
sodium tungstate,[O-][W](=O)(=O)[O-].[Na+].[Na+]
sodium yeast nucleate,
sorbitol,C(C(C(C(C(CO)O)O)O)O)O
soybean trypsin inhibitor,
sp600125,C1=CC=C2C(=C1)C3=NNC4=CC=CC(=C43)C2=O
specioside,C1=COC(C2C1C(C3C2(O3)CO)OC(=O)C=CC4=CC=C(C=C4)O)OC5C(C(C(C(O5)CO)O)O)O
spermidine,C(CCNCCCN)CN
spermine,C(CCNCCCN)CNCCCN
sqdb,
sr27897,C1=CC=C2C(=C1)C=C(N2CC(=O)O)C(=O)NC3=NC(=CS3)C4=CC=CC=C4Cl
srt1720 (sirt1 activator),
stachys lavandulifolia extract,
staurosporine,CC12C(C(CC(O1)N3C4=CC=CC=C4C5=C6C(=C7C8=CC=CC=C8N2C7=C53)CNC6=O)NC)OC
stx64,C1CCC2=C(CC1)C(=O)OC3=C2C=CC(=C3)OS(=O)(=O)N
su 4312,CN(C)C1=CC=C(C=C1)C=C2C3=CC=CC=C3NC2=O
succinate,C(CC(=O)[O-])C(=O)[O-]
sucrose,C(C1C(C(C(C(O1)OC2(C(C(C(O2)CO)O)O)CO)O)O)O)O
sulfacetamide,CC(=O)NS(=O)(=O)C1=CC=C(C=C1)N
sulfamerazine,CC1=NC(=NC=C1)NS(=O)(=O)C2=CC=C(C=C2)N
sulfamethoxazole,CC1=CC(=NO1)NS(=O)(=O)C2=CC=C(C=C2)N
sulforaphane,CS(=O)CCCCN=C=S
sulindac,CC1=C(C2=C(C1=CC3=CC=C(C=C3)S(=O)C)C=CC(=C2)F)CC(=O)O
sulindac sulfide,CC1=C(C2=C(C1=CC3=CC=C(C=C3)SC)C=CC(=C2)F)CC(=O)O
supercinnamaldehyde,CC(=O)C=C1C2=CC=CC=C2N(C1=O)C
syringaresinol,COC1=CC(=CC(=C1O)OC)C2C3COC(C3CO2)C4=CC(=C(C(=C4)OC)O)OC
tamarixetin,COC1=C(C=C(C=C1)C2=C(C(=O)C3=C(C=C(C=C3O2)O)O)O)O
tanespimycin,CC1CC(C(C(C=C(C(C(C=CC=C(C(=O)NC2=CC(=O)C(=C(C1)C2=O)NCC=C)C)OC)OC(=O)N)C)C)O)OC
tannic acid,C1=C(C=C(C(=C1O)O)O)C(=O)OC2=CC(=CC(=C2O)O)C(=O)OCC3C(C(C(C(O3)OC(=O)C4=CC(=C(C(=C4)OC(=O)C5=CC(=C(C(=C5)O)O)O)O)O)OC(=O)C6=CC(=C(C(=C6)OC(=O)C7=CC(=C(C(=C7)O)O)O)O)O)OC(=O)C8=CC(=C(C(=C8)OC(=O)C9=CC(=C(C(=C9)O)O)O)O)O)OC(=O)C1=CC(=C(C(=C1)OC(=O)C1=CC(=C(C(=C1)O)O)O)O)O
tartaric acid,C(C(C(=O)O)O)(C(=O)O)O
tartrate,C(C(C(=O)[O-])O)(C(=O)[O-])O
taurine,C(CS(=O)(=O)O)N
taxifolin,C1=CC(=C(C=C1C2C(C(=O)C3=C(C=C(C=C3O2)O)O)O)O)O
tectochrysin,COC1=CC(=C2C(=C1)OC(=CC2=O)C3=CC=CC=C3)O
terreic acid,CC1=C(C(=O)C2C(C1=O)O2)O
tert-butyl hydroperoxide,CC(C)(C)OO
tetracaine,CCCCNC1=CC=C(C=C1)C(=O)OCCN(C)C
tetracaine hcl,CCCCNC1=CC=C(C=C1)C(=O)OCCN(C)C.Cl
tetracycline hcl,CC1(C2CC3C(C(=O)C(=C(C3(C(=O)C2=C(C4=C1C=CC=C4O)O)O)O)C(=O)N)N(C)C)O.Cl
tetraethylammonium chloride,CC[N+](CC)(CC)CC.[Cl-]
tetrahydrocurcumin,COC1=C(C=CC(=C1)CCC(=O)CC(=O)CCC2=CC(=C(C=C2)O)OC)O
tetramethylpyrazine,CC1=C(N=C(C(=N1)C)C)C
thapsigargin,CCCCCCCC(=O)OC1C2C(=C(C1OC(=O)C(=CC)C)C)C3C(C(CC2(C)OC(=O)C)OC(=O)CCC)(C(C(=O)O3)(C)O)O
theobromine,CN1C=NC2=C1C(=O)NC(=O)N2C
theophylline,CN1C2=C(C(=O)N(C1=O)C)NC=N2
thiazolidine carboxylic acid,C1C(NCS1)C(=O)O
thioflavin t,CC1=CC2=C(C=C1)[N+](=C(S2)C3=CC=C(C=C3)N(C)C)C.[Cl-]
thioridazine hydrochloride,CN1CCCCC1CCN2C3=CC=CC=C3SC4=C2C=C(C=C4)SC.Cl
thiostrepton,CCC(C)C1C(=O)NC(C(=O)NC(=C)C(=O)NC(C(=O)NC23CCC(=NC2C4=CSC(=N4)C(C(OC(=O)C5=NC6=C(C=CC(C6O)N1)C(=C5)C(C)O)C)NC(=O)C7=CSC(=N7)C(NC(=O)C8CSC(=N8)C(=CC)NC(=O)C(NC(=O)C9=CSC3=N9)C(C)O)C(C)(C(C)O)O)C1=NC(=CS1)C(=O)NC(=C)C(=O)NC(=C)C(=O)N)C)C
threonine,CC(C(C(=O)O)N)O
thymidine,CC1=CN(C(=O)NC1=O)C2CC(C(O2)CO)O
thymine,CC1=CNC(=O)NC1=O
thymus extract,
thyroxin,C1=C(C=C(C(=C1I)OC2=CC(=C(C(=C2)I)O)I)I)CC(C(=O)O)N
tiapride hydrochloride,CCN(CC)CCNC(=O)C1=C(C=CC(=C1)S(=O)(=O)C)OC.Cl
tiliroside,C1=CC(=CC=C1C=CC(=O)OCC2C(C(C(C(O2)OC3=C(OC4=CC(=CC(=C4C3=O)O)O)C5=CC=C(C=C5)O)O)O)O)O
tinospora cordifolia extract,
tm5441 (pai-1 inhibitor),
tocotrienol,CC(=CCCC(=CCCC(=CCCC1(CCC2=C(O1)C=CC(=C2)O)C)C)C)C
tomatidine,CC1CCC2(C(C3C(O2)CC4C3(CCC5C4CCC6C5(CCC(C6)O)C)C)C)NC1
torin 1,CCC(=O)N1CCN(CC1)C2=C(C=C(C=C2)N3C(=O)C=CC4=CN=C5C=CC(=CC5=C43)C6=CC7=CC=CC=C7N=C6)C(F)(F)F
tpen,C1=CC=NC(=C1)CN(CCN(CC2=CC=CC=N2)CC3=CC=CC=N3)CC4=CC=CC=N4
trametinib,CC1=C2C(=C(N(C1=O)C)NC3=C(C=C(C=C3)I)F)C(=O)N(C(=O)N2C4=CC=CC(=C4)NC(=O)C)C5CC5
"trans-2,40,5-trihydroxystilbene",
"trans-3,5-dimethoxy-4-fluoro-4'-hydroxystilbene",
trans-zeatin,CC(=CCNC1=NC=NC2=C1NC=N2)CO
trehalose,C(C1C(C(C(C(O1)OC2C(C(C(C(O2)CO)O)O)O)O)O)O)O
trequinsin hydrochloride,CC1=CC(=C(C(=C1)C)N=C2C=C3C4=CC(=C(C=C4CCN3C(=O)N2C)OC)OC)C.Cl
trichostatin a,CC(C=C(C)C=CC(=O)NO)C(=O)C1=CC=C(C=C1)N(C)C
trielaidin,CCCCCCCCC=CCCCCCCCC(=O)OCC(COC(=O)CCCCCCCC=CCCCCCCCC)OC(=O)CCCCCCCC=CCCCCCCCC
trifluoperazine-hcl,
triflupromazine hydrochloride,CN(C)CCCN1C2=CC=CC=C2SC3=C1C=C(C=C3)C(F)(F)F.Cl
triiodothyronine,C1=CC(=C(C=C1OC2=C(C=C(C=C2I)CC(C(=O)O)N)I)I)O
trilobatin,C1=CC(=CC=C1CCC(=O)C2=C(C=C(C=C2O)OC3C(C(C(C(O3)CO)O)O)O)O)O
trimethadione,CC1(C(=O)N(C(=O)O1)C)C
trimethobenzamine-hcl,
triolein,CCCCCCCCC=CCCCCCCCC(=O)OCC(COC(=O)CCCCCCCC=CCCCCCCCC)OC(=O)CCCCCCCC=CCCCCCCCC
tripelennamine hcl,CN(C)CCN(CC1=CC=CC=C1)C2=CC=CC=N2.Cl
triptolide,CC(C)C12C(O1)C3C4(O3)C5(CCC6=C(C5CC7C4(C2O)O7)COC6=O)C
trolox,CC1=C(C2=C(CCC(O2)(C)C(=O)O)C(=C1O)C)C
tryptophan,C1=CC=C2C(=C1)C(=CN2)CC(C(=O)O)N
tryptophen,
turmeric extract,
tyrosine,C1=CC(=CC=C1CC(C(=O)O)N)O
tyrosine-alanine dipeptide,CC(C(=O)O)NC(=O)C(CC1=CC=C(C=C1)O)N
tyrosol,C1=CC(=CC=C1CCO)O
tyrphostin 1,COC1=CC=C(C=C1)C=C(C#N)C#N
tyrphostin 9,CC(C)(C)C1=CC(=CC(=C1O)C(C)(C)C)C=C(C#N)C#N
tyrphostin ag 1295,CC1=CC2=NC=C(N=C2C=C1C)C3=CC=CC=C3
tyrphostin ag 1478,COC1=C(C=C2C(=C1)C(=NC=N2)NC3=CC(=CC=C3)Cl)OC
uracil,C1=CNC(=O)NC1=O
urb597,C1CCC(CC1)NC(=O)OC2=CC=CC(=C2)C3=CC(=CC=C3)C(=O)N
uric acid,C12=C(NC(=O)N1)NC(=O)NC2=O
urolithin a,C1=CC2=C(C=C1O)C(=O)OC3=C2C=CC(=C3)O
urolithin b,C1=CC=C2C(=C1)C3=C(C=C(C=C3)O)OC2=O
urolithin c,C1=CC2=C(C=C1O)OC(=O)C3=CC(=C(C=C23)O)O
urolithin d,C1=CC(=C(C2=C1C3=CC(=C(C=C3C(=O)O2)O)O)O)O
ursodeoxycholic acid,CC(CCC(=O)O)C1CCC2C1(CCC3C2C(CC4C3(CCC(C4)O)C)O)C
ursolic  acid,
vaccinium angustifolium extract,
valine,CC(C)C(C(=O)O)N
valproic acid,CCCC(CCC)C(=O)O
vanadyl sulfate,[O-]S(=O)(=O)[O-].O=[V+2]
verapamil,CC(C)C(CCCN(C)CCC1=CC(=C(C=C1)OC)OC)(C#N)C2=CC(=C(C=C2)OC)OC
verminoside,C1=COC(C2C1C(C3C2(O3)CO)OC(=O)C=CC4=CC(=C(C=C4)O)O)OC5C(C(C(C(O5)CO)O)O)O
vigconic 28,
vinblastine sulfate,CCC1(CC2CC(C3=C(CCN(C2)C1)C4=CC=CC=C4N3)(C5=C(C=C6C(=C5)C78CCN9C7C(C=CC9)(C(C(C8N6C)(C(=O)OC)O)OC(=O)C)CC)OC)C(=O)OC)O.OS(=O)(=O)O
vincristine sulfate,CCC1(CC2CC(C3=C(CCN(C2)C1)C4=CC=CC=C4N3)(C5=C(C=C6C(=C5)C78CCN9C7C(C=CC9)(C(C(C8N6C=O)(C(=O)OC)O)OC(=O)C)CC)OC)C(=O)OC)O.OS(=O)(=O)O
vinpocetine,CCC12CCCN3C1C4=C(CC3)C5=CC=CC=C5N4C(=C2)C(=O)OCC
viramune,CC1=C2C(=NC=C1)N(C3=C(C=CC=N3)C(=O)N2)C4CC4
vitamin a palmitate,CCCCCCCCCCCCCCCC(=O)OCC=C(C)C=CC=C(C)C=CC1=C(CCCC1(C)C)C
vitamin d3,CC(C)CCCC(C)C1CCC2C1(CCCC2=CC=C3CC(CCC3=C)O)C
vitamin e,CC1=C(C2=C(CCC(O2)(C)CCCC(C)CCCC(C)CCCC(C)C)C(=C1O)C)C
vitexin,C1=CC(=CC=C1C2=CC(=O)C3=C(O2)C(=C(C=C3O)O)C4C(C(C(C(O4)CO)O)O)O)O
vortioxetine,CC1=CC(=C(C=C1)SC2=CC=CC=C2N3CCNCC3)C
withaferin a,CC1=C(C(=O)OC(C1)C(C)C2CCC3C2(CCC4C3CC5C6(C4(C(=O)C=CC6O)C)O5)C)CO
withanolide a,CC1=C(C(=O)OC(C1)C(C)(C2CCC3C2(CCC4C3C5C(O5)C6(C4(C(=O)C=CC6)C)O)C)O)C
wortmannin,CC(=O)OC1CC2(C(CCC2=O)C3=C1C4(C(OC(=O)C5=COC(=C54)C3=O)COC)C)C
x203 (anti-il-11),
xanthine,C1=NC2=C(N1)C(=O)NC(=O)N2
xanthohumol,CC(=CCC1=C(C(=C(C=C1O)OC)C(=O)C=CC2=CC=C(C=C2)O)O)C
xylose,C1C(C(C(C(O1)O)O)O)O
zd7114,COCCNC(=O)COC1=CC=C(C=C1)OCCNCC(COC2=CC=CC=C2)O
zd7114 hydrochloride,COCCNC(=O)COC1=CC=C(C=C1)OCCNCC(COC2=CC=CC=C2)O.Cl
zearalenone,CC1CCCC(=O)CCCC=CC2=C(C(=CC(=C2)O)O)C(=O)O1
zinc acetate,CC(=O)[O-].CC(=O)[O-].[Zn+2]
zinc sulfate,[O-]S(=O)(=O)[O-].[Zn+2]
ziprasidone hcl,C1CN(CCN1CCC2=C(C=C3C(=C2)CC(=O)N3)Cl)C4=NSC5=CC=CC=C54.Cl
ziprasidone hydrochloride monohydrate,C1CN(CCN1CCC2=C(C=C3C(=C2)CC(=O)N3)Cl)C4=NSC5=CC=CC=C54.O.Cl
zomepirac sodium,CC1=C(N(C(=C1)CC(=O)[O-])C)C(=O)C2=CC=C(C=C2)Cl.O.O.[Na+]
