compound_name,chembl_id,found
Acivicin,CHEMBL1231101,True
Diamide,CHEMBL1255835,True
Phosphatidylethanolamine,CHEMBL448115,True
Trimethadione,CHEMBL695,True
Resveratrol,CHEMBL165,True
Coenzyme Q10,,False
Vitamin E,CHEMBL3989727,True
EUK-8,,False
EUK-134,,False
Alpha-lipoic acid,,False
Epigallocatechin-3-gallate,,False
Tamarixetin,CHEMBL226034,True
Tocotrienol,CHEMBL120643,True
Ampicillin,CHEMBL174,True
"3,3-diethyl-2-pyrrolidinone",,False
Ethosuximide,CHEMBL696,True
Myxothiazol,CHEMBL454568,True
FCCP,,False
Hydrogen Sulphide,,False
Mianserin,CHEMBL6437,True
Quercetin,CHEMBL50,True
Lithium Chloride,,False
2-deoxy-D-glucose,CHEMBL1880349,True
Pregnenolone,CHEMBL253363,True
Gamma-tocopherol,CHEMBL2151591,True
Trolox,CHEMBL153,True
Taxifolin,CHEMBL337309,True
Propyl gallate,CHEMBL7983,True
Reserpine,CHEMBL772,True
Valproic acid,CHEMBL109,True
Metformin,CHEMBL1431,True
Glucose,,False
Sorbitol,CHEMBL1682,True
Acetic Acid,CHEMBL539,True
Spermidine,CHEMBL19612,True
Oxaloacetate,CHEMBL1794791,True
Juglone,CHEMBL43612,True
Catechin,CHEMBL206452,True
Carbonylcyanide-3-chlorophenylhydrazone,,False
Nicotinamide adenine dinucleotide,,False
Gliotoxin,CHEMBL331627,True
Glaucarubinone,CHEMBL458347,True
Dichloroacetate,,False
Paraquat,CHEMBL74469,True
Sodium pyruvate,,False
Dapsone,CHEMBL1043,True
Dimethyl sulfoxide,CHEMBL504,True
Procyanidins,,False
Epicatechin,,False
Trehalose,CHEMBL1236395,True
Maltose,CHEMBL1908365,True
Tannic acid,CHEMBL506247,True
Plumbagin,CHEMBL295316,True
Ferulsinaic acid,,False
Q3M,,False
Caffeic acid,CHEMBL145,True
Rosmarinic acid,CHEMBL324842,True
Thioflavin T,CHEMBL224392,True
Celecoxib,CHEMBL118,True
Diallyl trisulfide,,False
Oxoline,,False
Naphthazarin,,False
Isorhamnetin,CHEMBL379064,True
Curcumin,CHEMBL140,True
Gallic Acid,CHEMBL288114,True
Ellagic acid,CHEMBL6246,True
Proline,CHEMBL54922,True
Ferric ammonium citrate,CHEMBL4301175,True
L-theanine,,False
Icariin,CHEMBL553204,True
Myricetin,CHEMBL164,True
Kaempferol,CHEMBL150,True
Acetaminophen,CHEMBL112,True
Baicalein,CHEMBL8260,True
Bacitracin,CHEMBL1200558,True
Ciclopirox olamine,CHEMBL242580,True
Dafadine-A,,False
Astaxanthin,CHEMBL1255871,True
Lonidamine,CHEMBL1257030,True
Rapamycin,,False
"1,2,4-triazolo[1,5-a]pyridine",,False
Ascr#2,,False
Aspirin,CHEMBL25,True
Malate,,False
Fumarate,,False
MAHMA-NONOate,,False
DETA NONOate,,False
Dimethyl formamide,,False
Quinic acid,CHEMBL465398,True
Salicylic acid,CHEMBL424,True
Tyrosol,CHEMBL53566,True
Doxycycline,CHEMBL1200699,True
Ethidium bromide,,False
Clofibrate,CHEMBL565,True
Bezafibrate,CHEMBL264374,True
Fenofibrate,CHEMBL672,True
Pictilisib,CHEMBL521851,True
Phenformin,CHEMBL170988,True
Arsenite,,False
Huperzine A,CHEMBL395280,True
Ascr#3,,False
Trequinsin hydrochloride,CHEMBL1256910,True
Tyrphostin AG 1478,,False
Vinpocetine,CHEMBL71752,True
Vincristine sulfate,CHEMBL501867,True
GYY4137,,False
1-methyl nicotinamide,,False
Nicotinamide,,False
Sulfamethoxazole,CHEMBL443,True
Protocatechuic acid,CHEMBL37537,True
Chloramphenicol,CHEMBL130,True
Methylergonovine maleate,CHEMBL1200843,True
Minocycline hydrochloride,CHEMBL1200881,True
N-(2-[4-(4-chlorophenyl)piperazin-1-yl]ethyl)-3-methoxybenzamide,,False
Naftopidil dihydrochloride,CHEMBL1257069,True
Nortriptyline hydrochloride,CHEMBL1201156,True
Octoclothepin maleate,,False
Oxatomide,CHEMBL13828,True
Nicardipine hydrochloride,CHEMBL1200326,True
Promethazine hydrochloride,CHEMBL1200750,True
Pergolide methanesulfonate,,False
Nitrendipine,CHEMBL475534,True
Quinidine sulfate,CHEMBL3707183,True
Propionylpromazine hydrochloride,CHEMBL1256661,True
SU 4312,,False
Thioridazine hydrochloride,CHEMBL1200916,True
Psora-4,,False
Dihydroergocristine methanesulfonate,,False
Doxazosin mesylate,CHEMBL1200561,True
Doxycycline hydrochloride,CHEMBL1256723,True
Eliprodil,CHEMBL28564,True
Guanfacine hydrochloride,CHEMBL1200494,True
Guanabenz acetate,CHEMBL1200560,True
Hexahydro-sila-diphenidol,,False
Kenpaullone,CHEMBL296586,True
Ketanserin tartrate,CHEMBL1256709,True
LFM-A13,,False
Loratadine,CHEMBL998,True
Loxapine succinate,CHEMBL1201155,True
"LY-165,163",,False
"LY-367,265",,False
Metergoline,CHEMBL19215,True
Amperozide hydrochloride,CHEMBL1257106,True
Amoxapine,CHEMBL1113,True
BRL 15572,,False
Beta-estradiol,,False
BRL 50481,,False
Chlorprothixene hydrochloride,CHEMBL1256658,True
Cis-(Z)-Flupenthixol dihydrochloride,,False
Cinnarizine,CHEMBL43064,True
Cortexolone maleate,,False
BTCP hydrochloride,,False
Cyclosporin A,,False
Danazol,CHEMBL1479,True
Cyproterone acetate,CHEMBL139835,True
DAPH,CHEMBL268868,True
Dihydroergotamine methanesulfonate,,False
Demeclocycline hydrochloride,CHEMBL1200474,True
Celastrol,CHEMBL301982,True
Vitamin D3,,False
NT219,,False
Chicoric acid,CHEMBL29660,True
MPTP,,False
Piericidin A,CHEMBL272733,True
Rotenone,CHEMBL429023,True
"(R,R)-cis-Diethyl tetrahydro-2,8-chrysenediol",,False
"3,4-dichloroisocoumarin",,False
AMN082,,False
4-phenyl-3-furoxancarbonitrile,,False
"7-cyclopentyl-5-(4-phenoxy)phenyl-7H-pyrrolo[2,3-d]pyrimidin-4-ylamine",,False
Caffeine,CHEMBL113,True
D-glucosamine,,False
N-acetylglucosamine,CHEMBL447878,True
Sesamin,CHEMBL252915,True
Caffeic acid phenethylester,,False
Fluvastatin,CHEMBL2220442,True
Beta-caryophyllene,CHEMBL445740,True
Alpha-ketoglutarate,,False
Specioside,CHEMBL2332355,True
Genistein,CHEMBL44,True
Dibromoacetic acid,CHEMBL449362,True
N-nitrosodimethylamine,CHEMBL117311,True
Edetate Calcium Disodium,,False
Ibuprofen,CHEMBL521,True
Myriocin,CHEMBL55076,True
PDMP,,False
D609,,False
D-beta-hydroxybutyrate,,False
Tryptophan,CHEMBL54976,True
Threonine,CHEMBL291747,True
Tyrosine,CHEMBL925,True
Valine,CHEMBL43068,True
Xylose,CHEMBL1236821,True
Gluconic acid,CHEMBL464345,True
Putrescine,CHEMBL46257,True
Ribose,,False
Serine,CHEMBL11298,True
Succinate,,False
Taurine,CHEMBL239243,True
Lysine,CHEMBL8085,True
Methionine,CHEMBL42336,True
N-acetyl-l-histidine,,False
Ornithine,CHEMBL446143,True
Phosphoenolpyruvate,CHEMBL1235228,True
Picolinic acid,,False
Inositol,CHEMBL1222251,True
Isoleucine,CHEMBL1233584,True
Leucine,CHEMBL291962,True
L-histidine methyl ester,,False
Homocysteine,CHEMBL310604,True
DL-lactate,,False
Galactose,CHEMBL6067641,True
Glutamate,,False
Glutamine,CHEMBL930,True
Glycerol,,False
Glycine,CHEMBL773,True
Histidine,CHEMBL17962,True
Carnosine,CHEMBL242948,True
Betaine,CHEMBL95889,True
Cysteine,CHEMBL863,True
D-alanine,CHEMBL66693,True
D-aspartate,CHEMBL29757,True
D-glutamate,CHEMBL76232,True
Alanine,CHEMBL279597,True
Arginine,CHEMBL1485,True
Asparagine,CHEMBL58832,True
Beta-alanine,CHEMBL297569,True
Caprylate,,False
10-hydroxy-2-decenoic Acid,,False
Rifampicin,,False
Rifamycin SV,,False
Agmatine,CHEMBL58343,True
N-acetyl-L-cysteine,,False
Echinacoside,CHEMBL393090,True
Dehydroabietic acid,CHEMBL12850,True
(S)-2-hydroxyglutarate,,False
Verminoside,CHEMBL462888,True
Arctigenin,CHEMBL435734,True
Arctiin,CHEMBL388452,True
Lappaol C,,False
Matairesinol,CHEMBL425148,True
Lappaol F,,False
Otophylloside B,,False
Oleanolic acid,,False
Folic acid,CHEMBL1622,True
Vitexin,CHEMBL487417,True
Fucoxanthin,CHEMBL1773903,True
(R)-2-hydroxyglutarate,,False
Pyruvate,CHEMBL1162144,True
Dafachronic Acid,,False
Geldanamycin,CHEMBL278315,True
LY-294002,CHEMBL98350,True
Allantoin,CHEMBL593429,True
Trichostatin A,,False
Chlorophyll,,False
Tyrosine-Alanine Dipeptide,,False
Withanolide A,CHEMBL445041,True
Captopril,CHEMBL1560,True
Sodium Chloride,CHEMBL1200574,True
Potassium Chloride,CHEMBL1200731,True
Urolithin A,,False
Chlorogenic Acid,CHEMBL284616,True
Oxyresveratrol,CHEMBL43065,True
Pyrroloquinoline quinone,CHEMBL1235421,True
TPEN,,False
Fructose,CHEMBL1232863,True
Salicylamine,,False
Urolithin B,,False
Urolithin C,,False
Urolithin D,,False
M084,,False
Dimethyl Sulfide,,False
Tomatidine,CHEMBL2165711,True
Oleic Acid,CHEMBL8659,True
Palmitoleic acid,CHEMBL453509,True
cis-vaccenic acid ,,False
Piceatannol,CHEMBL69863,True
Diethyl Maleate,CHEMBL2037000,True
Silymarin,CHEMBL4630684,True
Silydianin,,False
"2,3-dehydrosilybin",,False
"2,3-Dehydrosilybin B",,False
Colanic acid,,False
Triptolide,CHEMBL463763,True
Calycosin,CHEMBL241608,True
Selenocysteine,CHEMBL109962,True
Emodin,CHEMBL289277,True
Indole,CHEMBL15844,True
para-topolin,,False
Shatavarin IV,,False
D-Allulose,,False
Diosgenin,,False
S-allylmercapto-N-acetylcysteine,,False
Naringin,CHEMBL451532,True
Luteolin,CHEMBL151,True
Arbutin,CHEMBL232202,True
Ikarugamycin,CHEMBL260361,True
Hydralazine,CHEMBL276832,True
Kinetin,CHEMBL228792,True
N6-benzyladenine,,False
ortho-topolin,,False
Sesamol,,False
Xanthine,CHEMBL1424,True
1-methylxanthine,CHEMBL1250,True
3-methylxanthine,CHEMBL619,True
7-methylxanthine,CHEMBL321248,True
"1,7-dimethylxanthine",,False
"2,5-Di-tert-butylhydroquinone",,False
Thapsigargin,CHEMBL96926,True
Enoxacin,CHEMBL826,True
6-shogaol,,False
"Methyl 3,4-dihydroxybenzoate",,False
Alpha-santalol,,False
Beta-santalol,,False
5-octanoyl salicylic acid,,False
Sesamolin,CHEMBL2059646,True
Minocycline,CHEMBL1434,True
Carnosic acid,CHEMBL484853,True
CGP37157,,False
Tanespimycin,CHEMBL109480,True
Isoprenol,,False
Paxilline,CHEMBL410063,True
Felbinac,CHEMBL413965,True
BIA 10-2639,,False
KC01,,False
KT172,,False
BIA 10-2474,,False
ABC44,,False
URB597,,False
Palmostatin M,,False
KT203,,False
KLH45b,,False
Carnosol,CHEMBL218693,True
Thymine,CHEMBL993,True
Orotate,,False
Cytidine,CHEMBL95606,True
Anisomycin,CHEMBL423192,True
Azacytidine,,False
Metamizole,CHEMBL461522,True
Alsterpaullone,CHEMBL50894,True
Monorden,,False
Hypotaurine,CHEMBL1256480,True
Nordihydroguaiaretic acid,CHEMBL52,True
Theophylline,CHEMBL1355736,True
Nobiletin,CHEMBL76447,True
Phosphatidylserine,,False
NP1,,False
Mifepristone,CHEMBL1276308,True
FW1256,,False
Tectochrysin,,False
Verapamil,CHEMBL6966,True
Uric acid,CHEMBL792,True
Lovastin,,False
Simvastatin,CHEMBL1064,True
Arecoline,CHEMBL7303,True
Astragaloside IV,,False
Secoisolariciresinol Diglucoside,,False
Prenol,,False
D-xylitol,,False
Cannabidiol,CHEMBL190461,True
Tetracycline HCL,,False
Sappanone A,CHEMBL249002,True
Berberine,CHEMBL295124,True
IP6,,False
3-Morpholinosydnonimine hydrochloride,,False
Bupivacaine Hydrochloride,CHEMBL1200396,True
Nafadotride,CHEMBL286252,True
Tetraethylammonium chloride,CHEMBL434435,True
Levosulpiride,CHEMBL267044,True
Mycophenolic acid,CHEMBL866,True
Sulindac Sulfide,CHEMBL18797,True
Thiostrepton,CHEMBL1236460,True
NSC666076,,False
Wortmannin,CHEMBL428496,True
SR27897,,False
3-methoxycatechol,CHEMBL1518159,True
Pirenperone,CHEMBL18331,True
DTT,,False
Eserine hemisulfate salt,,False
JS-K,,False
Kanamycin A sulfate,,False
Lomefloxacin Hydrochloride,CHEMBL1728,True
Lorglumide Sodium,CHEMBL1255589,True
"3,4'-Dihydroxyflavone",,False
Phenoxybenzamine Hydrochloride,CHEMBL1200787,True
Antalarmin,CHEMBL296641,True
Carvedilol,CHEMBL723,True
Flunarizine hydrochloride,CHEMBL552659,True
Amikacin hydrate,,False
Amlexanox,CHEMBL1096,True
Dofetilide,CHEMBL473,True
Eserine,,False
Itraconazole,CHEMBL64391,True
Memantine Hydrochloride,CHEMBL1699,True
Tetramethylpyrazine,,False
AEG 3482,,False
Promazine Hydrochloride,CHEMBL1200469,True
Tetracaine HCl,,False
Clofilium Tosylate,,False
Gedunin,CHEMBL465226,True
Alln,,False
Cetylpyridinium chloride,CHEMBL2003538,True
Fluspirilene,CHEMBL46516,True
PNU-74654,,False
Lamotrigine,CHEMBL741,True
Ononetin,CHEMBL241858,True
Viramune,,False
ZD7114 hydrochloride,,False
Zomepirac sodium,CHEMBL3989403,True
L-Carnitine,,False
AZD2281,,False
Metolazone,CHEMBL878,True
Hispidol,,False
Podofilox,CHEMBL61,True
Nicolsamide,,False
Chrysin,CHEMBL117,True
6-Hydroxyflavone,CHEMBL138649,True
Estradiol valerate,CHEMBL1511,True
Rebaudioside A,CHEMBL430341,True
Sulforaphane,CHEMBL48802,True
STX64,,False
HF,,False
Trilobatin,,False
Ferulic Acid,,False
Triiodothyronine,,False
"7,8-Dihydroxyflavone",CHEMBL75267,True
"6,7-Dihydroxyflavone",,False
Floxuridine,CHEMBL917,True
ANASTROZOLE,CHEMBL1399,True
CARBARIL,CHEMBL46917,True
VALPROATE SODIUM,CHEMBL433,True
VENLAFAXINE HYDROCHLORIDE,CHEMBL1201066,True
OMEGA-3-ACID ETHYL ESTERS,CHEMBL1200711,True
CINOXACIN,CHEMBL1208,True
TETRABENAZINE,CHEMBL117785,True
BETAMETHASONE BENZOATE,CHEMBL1200376,True
VONOPRAZAN,CHEMBL2079130,True
IPTACOPAN,CHEMBL4594448,True
VALRUBICIN,CHEMBL1096885,True
SULFAMETHOXYPYRIDAZINE,CHEMBL268869,True
LEVOBUPIVACAINE,CHEMBL1201193,True
BUTOCONAZOLE NITRATE,CHEMBL1200398,True
LEVALLORPHAN TARTRATE,CHEMBL2062276,True
CEFONICID,CHEMBL1601,True
CLOPIDOGREL BISULFATE,CHEMBL1083385,True
PROPOXYPHENE HYDROCHLORIDE,CHEMBL1237104,True
Citrate,,False
Creatine,CHEMBL283800,True
C75,,False
D-Erythro-MAPP,,False
Deferoxamine ,,False
Naringenin,CHEMBL9352,True
Fluoranthene,CHEMBL355014,True
Palmitic acid,CHEMBL82293,True
Eicosapentaenoic acid,,False
Trielaidin,,False
Triolein,CHEMBL2110597,True
25-Azacoprostane,,False
"Alpha,beta-Trehalose",,False
Sucrose,CHEMBL253582,True
Ascorbic acid,CHEMBL196,True
ABC99,,False
JW480,,False
PF-04457845,,False
AA26-9,,False
ABL127,,False
JJH254,,False
Darapladib,CHEMBL204021,True
KT109,,False
"3,7-dimethylxanthine",,False
N6-isopentenyladenine,,False
trans-zeatin,,False
cis-zeatin,,False
dihydrozeatin,,False
Menadione,CHEMBL590,True
Zinc Sulfate,CHEMBL1200929,True
"2,4-pyridinedicarboxylic acid",,False
Ritodrine hydrochloride,CHEMBL1367605,True
Vortioxetine,CHEMBL2104993,True
MG624,,False
Ethoxzolamide,CHEMBL18,True
Cardamonin,,False
Imatinib mesylate,CHEMBL1642,True
Thymidine,,False
Uracil,CHEMBL566,True
KML29,,False
KC02,,False
JW651,,False
KT195,,False
Palmostatin B,CHEMBL1673415,True
ABL303,,False
DH376,,False
Carbidopa,CHEMBL1200748,True
Sodium Nitroprusside,CHEMBL136478,True
SKF83959 hydrobromide,,False
Butaclamol hydrochloride,CHEMBL1256753,True
Dequalinium chloride,CHEMBL121663,True
Pinaverium bromide,CHEMBL1909298,True
Benzalkonium chloride,CHEMBL502109,True
Palmatine,,False
Supercinnamaldehyde,,False
Chlorhexidine,CHEMBL790,True
Hydroxyprogesterone caproate,CHEMBL1200848,True
Nocodazole,CHEMBL9514,True
Triflupromazine hydrochloride,CHEMBL1201102,True
Oxcarbazepine,CHEMBL1068,True
Rizatriptan Benzoate,CHEMBL1201032,True
Fluvoxamine,CHEMBL814,True
Auraptene,CHEMBL307341,True
Cryptotanshinone,CHEMBL187460,True
Limonin,CHEMBL517449,True
Propantheline Bromide,CHEMBL1240,True
Ethotoin,CHEMBL1095,True
IMS2186,,False
Furosemide,CHEMBL35,True
Astemizole,CHEMBL296419,True
Nisoldipine,CHEMBL1726,True
Cinoxacin,CHEMBL1208,True
Perphenazine,CHEMBL567,True
Salsalate,CHEMBL154111,True
Scopolamine N-butylbromide,,False
Cefazolin sodium,CHEMBL1200523,True
Choline Chloride,CHEMBL282468,True
Tiapride Hydrochloride,CHEMBL1256772,True
Glutathione,CHEMBL1543,True
Zearalenone,CHEMBL454173,True
Scutellarein,CHEMBL55415,True
ISRIB,,False
Propafenone hydrochloride,CHEMBL1201063,True
Antimycin A,CHEMBL211501,True
Deguelin,CHEMBL393417,True
Ethopropazine Hydrochloride,CHEMBL1200970,True
Licochalcone A,,False
Phenelzine sulfate,CHEMBL1200895,True
Pterostilbene,CHEMBL83527,True
Ziprasidone hydrochloride monohydrate,,False
Milnacipran Hydrochloride,CHEMBL4297064,True
O6-benzylguanine,,False
R(+)-SCH-23390 hydrochloride,,False
Sulfacetamide,CHEMBL455,True
BEDAQUILINE FUMARATE,CHEMBL2105700,True
HYDROXYAMPHETAMINE HYDROBROMIDE,CHEMBL1200705,True
MAFENIDE ACETATE,CHEMBL1201161,True
AMINOLEVULINIC ACID HYDROCHLORIDE,CHEMBL1200582,True
AZITHROMYCIN,CHEMBL529,True
ABACAVIR,CHEMBL1380,True
BRETYLIUM,CHEMBL1199080,True
FOSPROPOFOL,CHEMBL1201766,True
ATOVAQUONE,CHEMBL1450,True
ENCORAFENIB,CHEMBL3301612,True
TENIPOSIDE,CHEMBL452231,True
LUMATEPERONE TOSYLATE,CHEMBL3233142,True
PARGYLINE,CHEMBL673,True
DICLOFENAC EPOLAMINE,CHEMBL1201180,True
CLORAZEPATE DIPOTASSIUM,CHEMBL2096631,True
ESTRADIOL ACETATE,CHEMBL1200430,True
ZIMELDINE HYDROCHLORIDE,CHEMBL2355333,True
CILOSTAZOL,CHEMBL799,True
LANDIOLOL,CHEMBL1742466,True
RISEDRONIC ACID,CHEMBL923,True
METHYLNALTREXONE,CHEMBL1186579,True
PERHEXILINE,CHEMBL75880,True
INDECAINIDE HYDROCHLORIDE,CHEMBL1200341,True
DARIFENACIN,CHEMBL1346,True
OZENOXACIN,CHEMBL3990047,True
HYDROCORTISONE BUTYRATE,CHEMBL1683,True
TRANYLCYPROMINE SULFATE,CHEMBL3989698,True
THENALIDINE,CHEMBL2105458,True
DEURUXOLITINIB PHOSPHATE,CHEMBL4594382,True
ORPHENADRINE CITRATE,CHEMBL1200395,True
CICLESONIDE,CHEMBL2040682,True
CENOBAMATE,CHEMBL3989949,True
LACTIC ACID,CHEMBL1200559,True
ETRETINATE,CHEMBL464,True
DIETHYLCARBAMAZINE CITRATE,CHEMBL937,True
TYROPANOIC ACID,CHEMBL1201261,True
VENETOCLAX,CHEMBL3137309,True
BORTEZOMIB D-MANNITOL,CHEMBL5315122,True
NAFTOPIDIL,CHEMBL142635,True
CITALOPRAM HYDROBROMIDE,CHEMBL1200781,True
BITHIONOLATE SODIUM,CHEMBL1447476,True
"3,3',4',5-TETRACHLOROSALICYLANILIDE",CHEMBL291338,True
PROPARACAINE,CHEMBL1196,True
TRIPROLIDINE,CHEMBL855,True
TYROPANOATE SODIUM,CHEMBL1200899,True
MEQUINOL,CHEMBL544,True
OXYBENZONE,CHEMBL1625,True
FLUCYTOSINE,CHEMBL1463,True
MARALIXIBAT CHLORIDE,CHEMBL17879,True
DOBUTAMINE HYDROCHLORIDE,CHEMBL1200418,True
VELPATASVIR,CHEMBL3545062,True
MECHLORETHAMINE,CHEMBL427,True
SODIUM THIOSULFATE,CHEMBL2096650,True
METHYLTESTOSTERONE,CHEMBL1395,True
THIAMYLAL,CHEMBL440,True
HYDROMORPHONE,CHEMBL398707,True
LETROZOLE,CHEMBL1444,True
CHLOROFORM,CHEMBL44618,True
LEVOFLOXACIN ANHYDROUS,CHEMBL33,True
METHYCLOTHIAZIDE,CHEMBL1577,True
TUBOCURARINE CHLORIDE,CHEMBL3989821,True
COPANLISIB,CHEMBL3218576,True
LODOXAMIDE,CHEMBL1201266,True
INGENOL MEBUTATE,CHEMBL1863513,True
VALBENAZINE,CHEMBL2364639,True
PENICILLIN G POTASSIUM,CHEMBL1223,True
NINTEDANIB ESYLATE,CHEMBL3039504,True
CHLOROQUINE PHOSPHATE,CHEMBL58510,True
PEMETREXED DISODIUM,CHEMBL2360464,True
PACLITAXEL,CHEMBL428647,True
PILOCARPINE HYDROCHLORIDE,CHEMBL1200330,True
TECOVIRIMAT MONOHYDRATE,CHEMBL5315121,True
TENOFOVIR ALAFENAMIDE FUMARATE,CHEMBL2364637,True
REZAFUNGIN,CHEMBL3989945,True
XENON,CHEMBL1236802,True
EVOGLIPTIN,CHEMBL1779710,True
HYDROCORTISONE ACETATE,CHEMBL1091,True
ABACAVIR SULFATE,CHEMBL4303288,True
OLANZAPINE PAMOATE,CHEMBL3989694,True
NEBIVOLOL,CHEMBL434394,True
ABIRATERONE ACETATE,CHEMBL271227,True
GEMIFLOXACIN,CHEMBL430,True
PROPOFOL,CHEMBL526,True
TAFLUPROST,CHEMBL1963683,True
PROPIOMAZINE HYDROCHLORIDE,CHEMBL1201068,True
FLAVOXATE HYDROCHLORIDE,CHEMBL1200875,True
TRIAMTERENE,CHEMBL585,True
AMPHOTERICIN B,CHEMBL267345,True
PIPERAZINE,CHEMBL1412,True
EDROPHONIUM CHLORIDE,CHEMBL1128,True
ILOPROST,CHEMBL494,True
RIMEGEPANT SULFATE,CHEMBL2364629,True
AFATINIB,CHEMBL1173655,True
PROPAFENONE HYDROCHLORIDE,CHEMBL1201063,True
CEPHALEXIN HYDROCHLORIDE,CHEMBL1200366,True
AMITRIPTYLINE HYDROCHLORIDE,CHEMBL1200964,True
HYDRALAZINE HYDROCHLORIDE,CHEMBL542541,True
NAFTIFINE HYDROCHLORIDE,CHEMBL1200493,True
ECHOTHIOPHATE IODIDE,CHEMBL1200367,True
PRAZOSIN,CHEMBL2,True
NOMIFENSINE,CHEMBL273575,True
TALAPORFIN,CHEMBL2111186,True
CEFORANIDE,CHEMBL1201046,True
MENTHOL,CHEMBL256087,True
PIOGLITAZONE,CHEMBL595,True
DOBUTAMINE,CHEMBL926,True
ETHYNODIOL DIACETATE,CHEMBL1200624,True
URIDINE TRIACETATE,CHEMBL2107381,True
PEMIROLAST,CHEMBL1201198,True
ETHCHLORVYNOL,CHEMBL591,True
DIPHENHYDRAMINE,CHEMBL657,True
CYCLOPHOSPHAMIDE ANHYDROUS,CHEMBL88,True
SORAFENIB,CHEMBL1336,True
PEXIDARTINIB,CHEMBL3813873,True
MELATONIN,CHEMBL45,True
TROGLITAZONE,CHEMBL408,True
FENFLURAMINE HYDROCHLORIDE,CHEMBL2106217,True
SILODOSIN,CHEMBL24778,True
SULFANILAMIDE,CHEMBL21,True
METHYLPREDNISOLONE,CHEMBL650,True
IBANDRONATE SODIUM,CHEMBL3989569,True
MOXONIDINE,CHEMBL19236,True
OXYPHENBUTAZONE ANHYDROUS,CHEMBL1228,True
PROPOXYCAINE,CHEMBL1195,True
DARIDOREXANT,CHEMBL4297590,True
VECURONIUM BROMIDE,CHEMBL1200629,True
GEMCITABINE HYDROCHLORIDE,CHEMBL1637,True
DIPYRIDAMOLE,CHEMBL932,True
CHLORMADINONE ACETATE,CHEMBL110691,True
CHLOROPROCAINE,CHEMBL1179047,True
CARTEOLOL HYDROCHLORIDE,CHEMBL1201002,True
PRAMIPEXOLE DIHYDROCHLORIDE,CHEMBL3182733,True
TIZANIDINE,CHEMBL1079,True
CARBIDOPA,CHEMBL1200748,True
EPIRUBICIN HYDROCHLORIDE,CHEMBL1200981,True
CISATRACURIUM,CHEMBL1201248,True
ZIMELDINE,CHEMBL37744,True
NOVOBIOCIN,CHEMBL36506,True
URACIL MUSTARD,CHEMBL1488,True
TORSEMIDE,CHEMBL1148,True
PROPYLTHIOURACIL,CHEMBL1518,True
DIETHYLSTILBESTROL DIPHOSPHATE,CHEMBL1200598,True
RIBOFLAVIN 5'-PHOSPHATE,CHEMBL1201794,True
MOXALACTAM,CHEMBL74632,True
BUTORPHANOL TARTRATE,CHEMBL299400,True
ISOTRETINOIN,CHEMBL547,True
FORMOTEROL FUMARATE,CHEMBL3989798,True
METHOXAMINE HYDROCHLORIDE,CHEMBL1201103,True
TALC ANHYDROUS,CHEMBL3990276,True
YTTERBIUM PENTETATE,CHEMBL2219546,True
BENDAZAC,CHEMBL1089221,True
ADAPALENE,CHEMBL1265,True
ZIPEPROL,CHEMBL2105497,True
PHENTERMINE,CHEMBL1574,True
VINCAMINE,CHEMBL1165342,True
GUANIDINE,CHEMBL821,True
CARBENICILLIN,CHEMBL1214,True
LAPATINIB,CHEMBL554,True
ALISKIREN,CHEMBL1639,True
KETOTIFEN,CHEMBL534,True
TERBUTALINE SULFATE,CHEMBL1315867,True
PENICILLIN G,CHEMBL29,True
OCTOCRYLENE,CHEMBL1201147,True
MAGNESIUM ACETATE,CHEMBL1200691,True
MASOPROCOL,CHEMBL313972,True
PHENYLBUTANOIC ACID,CHEMBL1469,True
PHENDIMETRAZINE,CHEMBL1615439,True
KETOCONAZOLE,CHEMBL157101,True
METHAMPHETAMINE HYDROCHLORIDE,CHEMBL1200952,True
GLASDEGIB,CHEMBL2043437,True
MOMELOTINIB DIHYDROCHLORIDE MONOHYDRATE,CHEMBL6068336,True
GIVINOSTAT,CHEMBL1213492,True
SUFENTANIL,CHEMBL658,True
NANDROLONE DECANOATE,CHEMBL1200946,True
BETRIXABAN,CHEMBL512351,True
IPRATROPIUM BROMIDE,CHEMBL2134724,True
PROCARBAZINE HYDROCHLORIDE,CHEMBL1200410,True
TRIBROMSALAN,CHEMBL24944,True
FENTANYL CITRATE,CHEMBL688,True
IRBESARTAN HYDROCHLORIDE,CHEMBL6068339,True
CEFTAZIDIME,CHEMBL44354,True
PROMETHAZINE,CHEMBL643,True
OLUTASIDENIB,CHEMBL4297610,True
REMIMAZOLAM,CHEMBL4297526,True
OXPRENOLOL,CHEMBL546,True
BESIFLOXACIN,CHEMBL1201760,True
REMIFENTANIL HYDROCHLORIDE,CHEMBL1201120,True
FLUPHENAZINE ENANTHATE,CHEMBL1200951,True
METAPROTERENOL,CHEMBL776,True
PENTOLINIUM TARTRATE,CHEMBL1318287,True
FEBUXOSTAT,CHEMBL1164729,True
ZOLPIDEM,CHEMBL911,True
PHENTOLAMINE,CHEMBL597,True
PIROXICAM,CHEMBL527,True
PEMETREXED MONOHYDRATE,CHEMBL5315053,True
CARPHENAZINE MALEATE,CHEMBL2358147,True
CHLORHEXIDINE,CHEMBL790,True
LIFITEGRAST,CHEMBL2048028,True
PENTOLINIUM,CHEMBL1271,True
ENSARTINIB,CHEMBL4113131,True
PRAMOXINE HYDROCHLORIDE,CHEMBL1201171,True
RALOXIFENE HYDROCHLORIDE,CHEMBL1116,True
OXYPHENCYCLIMINE,CHEMBL1495,True
METARAMINOL BITARTRATE,CHEMBL2062262,True
ARIPIPRAZOLE,CHEMBL1112,True
BAZEDOXIFENE ACETATE,CHEMBL2106615,True
ESTRONE SULFURIC ACID,CHEMBL494753,True
DYPHYLLINE,CHEMBL1752,True
VORINOSTAT,CHEMBL98,True
KRYPTON KR 81M,CHEMBL1201096,True
DINOPROSTONE,CHEMBL548,True
LEVOLEUCOVORIN CALCIUM,CHEMBL1908361,True
STREPTOZOCIN,CHEMBL1977579,True
DOLASETRON MESYLATE,CHEMBL2368924,True
ENALAPRILAT,CHEMBL3989406,True
ROSE BENGAL SODIUM I 131,CHEMBL3989461,True
TOBRAMYCIN SULFATE,CHEMBL3989564,True
AMLODIPINE MALEATE,CHEMBL1200984,True
SODIUM MONOFLUOROPHOSPHATE,CHEMBL1908359,True
PIRFENIDONE,CHEMBL1256391,True
DABIGATRAN ETEXILATE,CHEMBL539697,True
CYTARABINE,CHEMBL803,True
SULFADICRAMIDE,CHEMBL2104910,True
ESTETROL ANHYDROUS,CHEMBL1230314,True
INFIGRATINIB,CHEMBL1852688,True
GLUCONOLACTONE,CHEMBL1200829,True
DOCETAXEL ANHYDROUS,CHEMBL92,True
HYDROCORTISONE PHOSPHORIC ACID,CHEMBL1641,True
BROMFENAC SODIUM,CHEMBL3181947,True
FLUCICLOVINE F18,CHEMBL254468,True
NEPAFENAC,CHEMBL1021,True
ACRIVASTINE,CHEMBL1224,True
ALLOPURINOL,CHEMBL1467,True
REPOTRECTINIB,CHEMBL4298138,True
MEPERIDINE,CHEMBL607,True
VILDAGLIPTIN,CHEMBL142703,True
EDETATE CALCIUM DISODIUM ANHYDROUS,CHEMBL1200375,True
SULFACETAMIDE,CHEMBL455,True
OXYCODONE TEREPHTHALATE,CHEMBL3989826,True
DIBROMSALAN,CHEMBL21869,True
FLUOROESTRADIOL,CHEMBL1627367,True
NABUMETONE,CHEMBL1070,True
STRONTIUM CHLORIDE SR 89,CHEMBL1200625,True
DESLANOSIDE,CHEMBL1614,True
PLERIXAFOR,CHEMBL18442,True
THIETHYLPERAZINE,CHEMBL1378,True
ARMODAFINIL,CHEMBL1201192,True
BROMPHENIRAMINE,CHEMBL811,True
ELAGOLIX,CHEMBL1208155,True
LINCOMYCIN HYDROCHLORIDE,CHEMBL3989551,True
MICAFUNGIN,CHEMBL457547,True
MELPHALAN FLUFENAMIDE,CHEMBL4303060,True
MYCOPHENOLATE MOFETIL HYDROCHLORIDE,CHEMBL1200955,True
TRAZODONE,CHEMBL621,True
EPLERENONE,CHEMBL1095097,True
SEVOFLURANE,CHEMBL1200694,True
CROMOLYN SODIUM,CHEMBL74,True
PAROXETINE MESYLATE,CHEMBL1200609,True
DAPAGLIFLOZIN,CHEMBL429910,True
BITHIONOL,CHEMBL290106,True
BENZTHIAZIDE,CHEMBL1201039,True
CANTHARIDIN,CHEMBL48449,True
LEVOMILNACIPRAN,CHEMBL99946,True
ELETRIPTAN,CHEMBL1510,True
DIPHENOXYLATE HYDROCHLORIDE,CHEMBL1200665,True
PERAMIVIR,CHEMBL3989402,True
GLYCEROL PHENYLBUTYRATE,CHEMBL2105745,True
LATANOPROSTENE BUNOD,CHEMBL2364612,True
TESTOSTERONE ENANTHATE,CHEMBL1200335,True
TRETINOIN,CHEMBL38,True
METHYPRYLON,CHEMBL1200790,True
LEVOMILNACIPRAN HYDROCHLORIDE,CHEMBL2105732,True
DISULFIRAM,CHEMBL964,True
PERFLUBRON,CHEMBL1200866,True
DEXAMETHASONE PHOSPHORIC ACID,CHEMBL1201302,True
IBREXAFUNGERP,CHEMBL4297513,True
PREDNISOLONE TEBUTATE,CHEMBL1200909,True
SUCCINYLCHOLINE CHLORIDE,CHEMBL983,True
NALMEFENE HYDROCHLORIDE DIHYDRATE,CHEMBL5315055,True
HYDROCORTISONE CYPIONATE,CHEMBL1549,True
GUANADREL SULFATE,CHEMBL3184143,True
AMISULPRIDE,CHEMBL243712,True
PIPAMAZINE,CHEMBL1909072,True
HYDROFLUMETHIAZIDE,CHEMBL1763,True
THONZONIUM,CHEMBL1201322,True
ETHAMBUTOL,CHEMBL44884,True
MICONAZOLE NITRATE,CHEMBL1559,True
RIOCIGUAT,CHEMBL2107834,True
ALITRETINOIN,CHEMBL705,True
TECOVIRIMAT,CHEMBL1257073,True
ANAGLIPTIN,CHEMBL1929396,True
MONOBENZONE,CHEMBL1388,True
PENICILLIN G PROCAINE,CHEMBL1200936,True
NAPHAZOLINE,CHEMBL761,True
FLUTEMETAMOL,CHEMBL579205,True
SPIRONOLACTONE,CHEMBL1393,True
MIDODRINE,CHEMBL1201212,True
VABORBACTAM,CHEMBL3317857,True
APROBARBITAL,CHEMBL7863,True
METHYSERGIDE MALEATE,CHEMBL1200938,True
AZLOCILLIN SODIUM,CHEMBL1201041,True
PRANLUKAST,CHEMBL21333,True
RADIUM DICHLORIDE,CHEMBL2111187,True
TOPIRAMATE,CHEMBL220492,True
APRACLONIDINE HYDROCHLORIDE,CHEMBL1200379,True
PHENYLBUTAZONE,CHEMBL101,True
CISAPRIDE MONOHYDRATE,CHEMBL1200788,True
HALAZEPAM,CHEMBL970,True
ALCAFTADINE,CHEMBL1201747,True
AVATROMBOPAG,CHEMBL2103883,True
BETA CAROTENE,CHEMBL1293,True
ZOLEDRONIC ACID ANHYDROUS,CHEMBL924,True
ESZOPICLONE,CHEMBL1522,True
DEFEROXAMINE MESYLATE,CHEMBL1234,True
BRILLIANT BLUE G,CHEMBL4173394,True
DEXTROSE,CHEMBL1222250,True
HEXACHLOROPHENE,CHEMBL496,True
AMPHETAMINE ADIPATE,CHEMBL1200387,True
METIPRANOLOL,CHEMBL1291,True
DILTIAZEM MALATE,CHEMBL1200805,True
CEFTAROLINE FOSAMIL,CHEMBL501122,True
ETIDRONATE DISODIUM,CHEMBL1201042,True
ERDAFITINIB,CHEMBL3545376,True
DIGITOXIN,CHEMBL254219,True
NORELGESTROMIN,CHEMBL1200807,True
CHLORTHALIDONE,CHEMBL1055,True
ACETOPHENAZINE MALEATE,CHEMBL2360079,True
DORAVIRINE,CHEMBL2364608,True
HYDROXYSTILBAMIDINE,CHEMBL1301,True
METHYLPHENIDATE HYDROCHLORIDE,CHEMBL1722,True
VINORELBINE TARTRATE,CHEMBL538943,True
PROGESTERONE,CHEMBL103,True
HISTAMINE PHOSPHATE,CHEMBL3989520,True
PLICAMYCIN,CHEMBL1237054,True
TRIDIHEXETHYL CHLORIDE,CHEMBL1200771,True
ANAGRELIDE HYDROCHLORIDE,CHEMBL1200759,True
DORIPENEM,CHEMBL491571,True
CLONIDINE,CHEMBL134,True
PENTOXIFYLLINE,CHEMBL628,True
METHOCARBAMOL,CHEMBL1201117,True
METHOXAMINE,CHEMBL524,True
ERTAPENEM SODIUM,CHEMBL1232,True
FENOTEROL,CHEMBL32800,True
LUMEFANTRINE,CHEMBL38827,True
ACETAZOLAMIDE,CHEMBL20,True
ANILERIDINE HYDROCHLORIDE,CHEMBL1201047,True
IVOSIDENIB,CHEMBL3989958,True
CEFUROXIME SODIUM,CHEMBL2146124,True
PHENIRAMINE MALEATE,CHEMBL1653,True
PRALSETINIB,CHEMBL4582651,True
PRUCALOPRIDE SUCCINATE,CHEMBL2105748,True
PYRILAMINE,CHEMBL511,True
CLOFARABINE,CHEMBL1750,True
IVACAFTOR,CHEMBL2010601,True
BELZUTIFAN,CHEMBL4585668,True
SULFAMETHAZINE,CHEMBL446,True
FOSAPREPITANT DIMEGLUMINE,CHEMBL1201782,True
NIROGACESTAT,CHEMBL1770916,True
ESCITALOPRAM,CHEMBL1508,True
MEGLUMINE,CHEMBL1200570,True
FENSPIRIDE,CHEMBL576127,True
VOXILAPREVIR,CHEMBL3707372,True
PONATINIB,CHEMBL1171837,True
THIOTHIXENE,CHEMBL1201,True
MEPENZOLATE,CHEMBL524004,True
OXYBUTYNIN CHLORIDE,CHEMBL1133,True
RIVAROXABAN,CHEMBL198362,True
CANAGLIFLOZIN,CHEMBL4594217,True
CAFFEINE CITRATE,CHEMBL1200569,True
IDARUBICIN HYDROCHLORIDE,CHEMBL1200976,True
TAFAMIDIS,CHEMBL2103837,True
LOFEXIDINE HYDROCHLORIDE,CHEMBL1788132,True
DIPHENIDOL,CHEMBL936,True
METHIODAL,CHEMBL2110978,True
BREXANOLONE,CHEMBL207538,True
SONIDEGIB,CHEMBL2105737,True
AMINOPYRINE,CHEMBL288470,True
TERIFLUNOMIDE,CHEMBL973,True
LEVOBETAXOLOL HYDROCHLORIDE,CHEMBL1200837,True
ASCIMINIB,CHEMBL4208229,True
NORETHINDRONE ACETATE,CHEMBL1201146,True
TIZANIDINE HYDROCHLORIDE,CHEMBL1200329,True
MIGLITOL,CHEMBL1561,True
HALOFANTRINE HYDROCHLORIDE,CHEMBL1200901,True
IOMEPROL,CHEMBL2107214,True
PENTAZOCINE LACTATE,CHEMBL3989509,True
METHANDROSTENOLONE,CHEMBL1418176,True
PARITAPREVIR,CHEMBL3391662,True
AMPRENAVIR,CHEMBL116,True
DEXTROAMPHETAMINE ADIPATE,CHEMBL1200782,True
FEXOFENADINE HYDROCHLORIDE,CHEMBL1200618,True
VALSARTAN,CHEMBL1069,True
CALCIUM GLUCEPTATE,CHEMBL1237066,True
BUCETIN,CHEMBL1697856,True
ROSIGLITAZONE MALEATE,CHEMBL843,True
MOCLOBEMIDE,CHEMBL86304,True
ZOLEDRONIC ACID,CHEMBL4303669,True
BETHANECHOL,CHEMBL1482,True
FLECAINIDE,CHEMBL652,True
ETIDOCAINE HYDROCHLORIDE,CHEMBL1200597,True
APOMORPHINE HYDROCHLORIDE,CHEMBL3187985,True
STAVUDINE,CHEMBL991,True
FENOFIBRIC ACID,CHEMBL981,True
IOBENGUANE I 131,CHEMBL1615779,True
METHOPHOLINE,CHEMBL2106915,True
GIVINOSTAT HYDROCHLORIDE,CHEMBL6068400,True
LEVOBUPIVACAINE HYDROCHLORIDE,CHEMBL1200749,True
PRAZIQUANTEL,CHEMBL976,True
TENOFOVIR DISOPROXIL,CHEMBL1538,True
CILASTATIN,CHEMBL766,True
DOXYCYCLINE HYCLATE,CHEMBL3989740,True
FELODIPINE,CHEMBL1480,True
PIXANTRONE,CHEMBL167731,True
TESTOLACTONE,CHEMBL1571,True
UPADACITINIB HEMIHYDRATE,CHEMBL5315119,True
CEFACLOR,CHEMBL1201018,True
PANOBINOSTAT LACTATE,CHEMBL3545368,True
OMEPRAZOLE,CHEMBL1503,True
TRIAZOLAM,CHEMBL646,True
TRILOSTANE,CHEMBL1200907,True
BENAZEPRIL,CHEMBL838,True
RANITIDINE HYDROCHLORIDE,CHEMBL2110372,True
PIBRENTASVIR,CHEMBL3545123,True
ISONIAZID,CHEMBL64,True
BUNAMIODYL,CHEMBL2110636,True
NALBUPHINE,CHEMBL895,True
HALOTHANE,CHEMBL931,True
PRUCALOPRIDE,CHEMBL117287,True
CYCLOSERINE,CHEMBL771,True
SODIUM OXYBATE,CHEMBL1200682,True
PACRITINIB CITRATE,CHEMBL5095049,True
PROBENECID,CHEMBL897,True
METHYLDOPATE HYDROCHLORIDE,CHEMBL1200432,True
CLOXACILLIN,CHEMBL891,True
PIFLUFOLASTAT,CHEMBL4299851,True
GOSOGLIPTIN,CHEMBL515387,True
MOXISYLYTE,CHEMBL159226,True
MUPIROCIN,CHEMBL719,True
DOXERCALCIFEROL,CHEMBL1200810,True
"GLYCEROL, IODINATED",CHEMBL2105827,True
PROPANIDID,CHEMBL2105345,True
LAPATINIB DITOSYLATE,CHEMBL1201179,True
RABEPRAZOLE,CHEMBL1219,True
AMINOHIPPURATE SODIUM,CHEMBL1200365,True
PRALIDOXIME CHLORIDE,CHEMBL748,True
CHLOPHEDIANOL HYDROCHLORIDE,CHEMBL1200972,True
INDOCYANINE GREEN,CHEMBL1646,True
LASMIDITAN,CHEMBL3039520,True
PICOSULFURIC ACID,CHEMBL1741134,True
OCTINOXATE,CHEMBL3183184,True
RITLECITINIB TOSYLATE,CHEMBL5314649,True
CASPOFUNGIN ACETATE,CHEMBL5314378,True
SODIUM ACETATE,CHEMBL1354,True
RUBIDIUM CHLORIDE RB 82,CHEMBL1200727,True
HYDROCHLOROTHIAZIDE,CHEMBL435,True
SULCONAZOLE,CHEMBL1221,True
CEFEPIME HYDROCHLORIDE,CHEMBL1200962,True
MEPREDNISONE,CHEMBL1201148,True
TAZEMETOSTAT HYDROBROMIDE,CHEMBL4594260,True
FLUOXETINE,CHEMBL41,True
SONIDEGIB PHOSPHATE,CHEMBL3137317,True
SOLIFENACIN,CHEMBL1734,True
MAGNESIUM ACETATE TETRAHYDRATE,CHEMBL3989858,True
ALATROFLOXACIN MESYLATE,CHEMBL1200498,True
FLUTICASONE PROPIONATE,CHEMBL1473,True
LEVODOPA,CHEMBL1009,True
BRILLIANT BLUE G FREE ACID,CHEMBL4301898,True
TRAMADOL HYDROCHLORIDE,CHEMBL1237065,True
METHDILAZINE HYDROCHLORIDE,CHEMBL1200532,True
TROVAFLOXACIN MESYLATE,CHEMBL1200779,True
MOMELOTINIB,CHEMBL1078178,True
BRIMONIDINE,CHEMBL844,True
PROCHLORPERAZINE,CHEMBL728,True
"SODIUM PHOSPHATE, DIBASIC",CHEMBL2107560,True
GLAFENINE,CHEMBL146095,True
TIPRANAVIR,CHEMBL222559,True
CEFUROXIME,CHEMBL1436,True
DRONEDARONE,CHEMBL184412,True
VORICONAZOLE,CHEMBL638,True
ENASIDENIB MESYLATE,CHEMBL3989931,True
PHENELZINE SULFATE,CHEMBL1200895,True
MOEXIPRIL,CHEMBL1165,True
LASMIDITAN SUCCINATE,CHEMBL3039526,True
DANICOPAN,CHEMBL4250860,True
PIRBUTEROL ACETATE,CHEMBL1200444,True
CODEINE,CHEMBL485,True
AMODIAQUINE HYDROCHLORIDE,CHEMBL1357648,True
PHENSUXIMIDE,CHEMBL797,True
CLINDAMYCIN PALMITATE HYDROCHLORIDE,CHEMBL1200632,True
GILTERITINIB FUMARATE,CHEMBL3301603,True
CARBENICILLIN INDANYL SODIUM,CHEMBL1200991,True
RIBOCICLIB,CHEMBL3545110,True
DEXAMETHASONE ACETATE,CHEMBL1530428,True
SELEGILINE,CHEMBL972,True
HELIUM,CHEMBL1796997,True
TRIAMCINOLONE,CHEMBL1451,True
MEGLUMINE METRIZOATE,CHEMBL1200353,True
PINACIDIL ANHYDROUS,CHEMBL1159,True
ACAMPROSATE CALCIUM,CHEMBL2068724,True
OXAZEPAM,CHEMBL568,True
GUANETHIDINE,CHEMBL765,True
THIAMINE,CHEMBL1588,True
AMBENONIUM,CHEMBL1652,True
SOTALOL,CHEMBL471,True
MARIBAVIR,CHEMBL515408,True
AVAPRITINIB,CHEMBL4204794,True
REVUMENIB,CHEMBL4650827,True
FAVIPIRAVIR,CHEMBL221722,True
PIPERAZINE CITRATE ANHYDROUS,CHEMBL3990694,True
LORAZEPAM,CHEMBL580,True
HYDROCODONE,CHEMBL1457,True
ACEBUTOLOL,CHEMBL642,True
PHTHALYLSULFATHIAZOLE,CHEMBL1524273,True
FLORTAUCIPIR,CHEMBL3546271,True
TOPOTECAN,CHEMBL84,True
METHSUXIMIDE,CHEMBL697,True
DIPHENHYDRAMINE HYDROCHLORIDE,CHEMBL1620,True
HYDROCORTAMATE,CHEMBL1201263,True
CHLORAMPHENICOL SODIUM SUCCINATE,CHEMBL1200729,True
QUINESTROL,CHEMBL1201165,True
TRIMETHAPHAN,CHEMBL1201329,True
CEFOTIAM,CHEMBL1296,True
SELUMETINIB,CHEMBL1614701,True
DESERPIDINE,CHEMBL1200515,True
LORCASERIN,CHEMBL360328,True
TICLOPIDINE,CHEMBL833,True
VINCRISTINE,CHEMBL90555,True
TETRAHYDROZOLINE HYDROCHLORIDE,CHEMBL1200413,True
PHENDIMETRAZINE TARTRATE,CHEMBL2062163,True
BUTALBITAL,CHEMBL454,True
PRACTOLOL,CHEMBL6995,True
OXACILLIN,CHEMBL819,True
DIETHYLPROPION,CHEMBL1194666,True
BUTORPHANOL,CHEMBL33986,True
ESFLURBIPROFEN,CHEMBL435298,True
ANTAZOLINE,CHEMBL1305,True
DECITABINE,CHEMBL1201129,True
SIROLIMUS,CHEMBL413,True
IDELALISIB,CHEMBL2216870,True
METHAZOLAMIDE,CHEMBL19,True
MERCAPTOPURINE ANHYDROUS,CHEMBL1425,True
SUXAMETHONIUM,CHEMBL703,True
PERFLENAPENT,CHEMBL1899801,True
ATAZANAVIR,CHEMBL1163,True
FOSTEMSAVIR,CHEMBL3301594,True
PITAVASTATIN CALCIUM,CHEMBL1237061,True
IOPROMIDE,CHEMBL1725,True
TETRACAINE HYDROCHLORIDE,CHEMBL1255654,True
LULICONAZOLE,CHEMBL2105689,True
OLODATEROL HYDROCHLORIDE,CHEMBL2105743,True
MEPHENTERMINE SULFATE,CHEMBL3184799,True
SULFADOXINE,CHEMBL1539,True
DEXTROMETHORPHAN,CHEMBL52440,True
LEVOMEPROMAZINE,CHEMBL1764,True
DAROLUTAMIDE,CHEMBL4297185,True
BUMETANIDE,CHEMBL1072,True
PRAZEPAM,CHEMBL969,True
SITAGLIPTIN,CHEMBL1422,True
SAQUINAVIR MESYLATE,CHEMBL282042,True
PIRTOBRUTINIB,CHEMBL4650485,True
GEPIRONE HYDROCHLORIDE,CHEMBL1204187,True
EPINASTINE,CHEMBL1106,True
PROTRIPTYLINE HYDROCHLORIDE,CHEMBL1200332,True
DONEPEZIL HYDROCHLORIDE,CHEMBL1678,True
IOPHENDYLATE,CHEMBL951,True
ETHINAMATE,CHEMBL1576,True
MINAPRINE HYDROCHLORIDE,CHEMBL1364551,True
SECNIDAZOLE,CHEMBL498847,True
CHLORPROTHIXENE,CHEMBL908,True
INDALPINE,CHEMBL276520,True
METHYL AMINOLEVULINATE,CHEMBL1096562,True
ENCAINIDE,CHEMBL315838,True
IPRATROPIUM,CHEMBL1621597,True
DAUNORUBICIN CITRATE,CHEMBL1200475,True
FLIBANSERIN,CHEMBL231068,True
ERGOTAMINE TARTRATE,CHEMBL2448612,True
ARIMOCLOMOL,CHEMBL2107726,True
VINFLUNINE,CHEMBL2110725,True
TROXERUTIN,CHEMBL3182320,True
ACLIDINIUM BROMIDE,CHEMBL551466,True
HYDROXYZINE HYDROCHLORIDE,CHEMBL3186993,True
AMLODIPINE,CHEMBL1491,True
METOCLOPRAMIDE HYDROCHLORIDE,CHEMBL1200940,True
DIETHYLCARBAMAZINE,CHEMBL684,True
TROFINETIDE,CHEMBL197084,True
TAZOBACTAM SODIUM,CHEMBL1439,True
TESTOSTERONE,CHEMBL386630,True
TERBUTALINE,CHEMBL1760,True
FAMCICLOVIR,CHEMBL880,True
PROBUCOL,CHEMBL608,True
SITAGLIPTIN HYDROCHLORIDE MONOHYDRATE,CHEMBL6068334,True
METHYSERGIDE,CHEMBL1065,True
SUVOREXANT,CHEMBL1083659,True
TRIACETYLDIPHENOLISATIN,CHEMBL1909288,True
PERGOLIDE MESYLATE,CHEMBL1275,True
MESALAMINE,CHEMBL704,True
ANISOTROPINE,CHEMBL1186610,True
FLORBETAPIR F 18,CHEMBL1774461,True
EPHEDRINE HYDROCHLORIDE,CHEMBL2146102,True
ALBUTEROL SULFATE,CHEMBL1441059,True
NELARABINE,CHEMBL1201112,True
VORTIOXETINE,CHEMBL2104993,True
OLOPATADINE HYDROCHLORIDE,CHEMBL1719,True
CEFTIBUTEN DIHYDRATE,CHEMBL1200985,True
CICLOPIROX,CHEMBL1413,True
INAMRINONE,CHEMBL12856,True
FINERENONE,CHEMBL2181927,True
TREPROSTINIL SODIUM,CHEMBL561157,True
ACETRIZOATE SODIUM,CHEMBL1201045,True
PIPERACILLIN,CHEMBL702,True
LINDANE,CHEMBL15891,True
MOFEZOLAC,CHEMBL259972,True
LOTILANER,CHEMBL3707310,True
RIMONABANT,CHEMBL111,True
IOCETAMIC ACID,CHEMBL1200770,True
PRIMIDONE,CHEMBL856,True
PROXIBARBAL,CHEMBL2105233,True
ABROCITINIB,CHEMBL3655081,True
HETACILLIN POTASSIUM,CHEMBL1201121,True
OXYBATE,CHEMBL1342,True
POLYTHIAZIDE,CHEMBL1587,True
PENICILLIN G BENZATHINE,CHEMBL3989515,True
MEBENDAZOLE,CHEMBL685,True
DOXAPRAM,CHEMBL1754,True
METHAMPHETAMINE,CHEMBL1201201,True
TERAZOSIN HYDROCHLORIDE,CHEMBL3989562,True
ZIPRASIDONE HYDROCHLORIDE,CHEMBL1375743,True
CIPROFLOXACIN,CHEMBL8,True
HYDROCORTISONE SODIUM PHOSPHATE,CHEMBL1200968,True
ZANUBRUTINIB,CHEMBL3936761,True
LEVOPROPOXYPHENE,CHEMBL1738990,True
PALIPERIDONE,CHEMBL1621,True
UREA C 14,CHEMBL2096635,True
GRANISETRON HYDROCHLORIDE,CHEMBL1237080,True
BROMODIPHENHYDRAMINE,CHEMBL1201245,True
ANAGRELIDE,CHEMBL760,True
DESOXYCORTICOSTERONE PIVALATE,CHEMBL1200592,True
MENADIOL SODIUM DIPHOSPHATE,CHEMBL3989728,True
BUCLIZINE,CHEMBL1201271,True
EFAVIRENZ,CHEMBL223228,True
RASAGILINE MESYLATE,CHEMBL1201142,True
PALIPERIDONE PALMITATE,CHEMBL2107360,True
CYCRIMINE,CHEMBL1201227,True
BENZGALANTAMINE,CHEMBL5095056,True
PONESIMOD,CHEMBL1096146,True
METHYLDOPA,CHEMBL459,True
RALTITREXED,CHEMBL225071,True
CEFOTETAN DISODIUM,CHEMBL1201098,True
ENALAPRILAT ANHYDROUS,CHEMBL577,True
PENICILLIN V,CHEMBL615,True
CITALOPRAM,CHEMBL549,True
DIATRIZOIC ACID,CHEMBL1201220,True
CAPMATINIB HYDROCHLORIDE,CHEMBL3989937,True
TELITHROMYCIN,CHEMBL1136,True
ETHIONAMIDE,CHEMBL1441,True
IMIPENEM ANHYDROUS,CHEMBL148,True
HYDROXYSTILBAMIDINE ISETHIONATE,CHEMBL2023895,True
PROPRANOLOL HYDROCHLORIDE,CHEMBL1671,True
INDOPROFEN,CHEMBL15870,True
PEMOLINE,CHEMBL1177,True
BETHANIDINE SULFATE,CHEMBL2110368,True
CHLOROXINE,CHEMBL1200596,True
CHLOROQUINE HYDROCHLORIDE,CHEMBL4297165,True
TROSPIUM,CHEMBL1888176,True
FLUNISOLIDE,CHEMBL1512,True
BUPRENORPHINE HYDROCHLORIDE,CHEMBL2368861,True
DRONABINOL,CHEMBL465,True
LABETALOL HYDROCHLORIDE,CHEMBL1200323,True
IODIPAMIDE SODIUM,CHEMBL1200350,True
SIMEPREVIR SODIUM,CHEMBL3137358,True
RISDIPLAM,CHEMBL4297528,True
POTASSIUM CITRATE ANHYDROUS,CHEMBL1200458,True
DEXBROMPHENIRAMINE,CHEMBL1201287,True
PLAZOMICIN,CHEMBL1650559,True
DOCETAXEL,CHEMBL3545252,True
TROLEANDOMYCIN,CHEMBL564085,True
IPTACOPAN HYDROCHLORIDE,CHEMBL5095401,True
PRAVASTATIN,CHEMBL1144,True
FROVATRIPTAN,CHEMBL1279,True
TERBINAFINE,CHEMBL822,True
HYDROCODONE BITARTRATE,CHEMBL3989677,True
IMIPRAMINE PAMOATE,CHEMBL3989845,True
PENCICLOVIR,CHEMBL1540,True
MEPIVACAINE,CHEMBL1087,True
TENOFOVIR DISOPROXIL FUMARATE,CHEMBL1486,True
TIVOZANIB HYDROCHLORIDE,CHEMBL2105756,True
CLOBENZOREX,CHEMBL1213251,True
MAGNESIUM OXIDE,CHEMBL1200572,True
FLURAZEPAM,CHEMBL968,True
EVANS BLUE FREE ACID,CHEMBL1015,True
IOPANOIC ACID,CHEMBL867,True
METHAPYRILENE,CHEMBL1411979,True
ACEBUTOLOL HYDROCHLORIDE,CHEMBL1200813,True
PANTOPRAZOLE,CHEMBL1502,True
IOXITALAMIC ACID,CHEMBL2107239,True
OTESECONAZOLE,CHEMBL3311228,True
TESTOSTERONE UNDECANOATE,CHEMBL2107067,True
CODEINE SULFATE,CHEMBL4297091,True
CINACALCET,CHEMBL1201284,True
XENON XE 133,CHEMBL1200685,True
MAZINDOL,CHEMBL781,True
NETARSUDIL,CHEMBL4594250,True
INDAPAMIDE,CHEMBL406,True
LOMEFLOXACIN,CHEMBL561,True
OLAPARIB,CHEMBL521686,True
AMINOGLUTETHIMIDE,CHEMBL488,True
BETAMETHASONE DIPROPIONATE,CHEMBL1200384,True
VORTIOXETINE HYDROBROMIDE,CHEMBL2107387,True
DARIFENACIN HYDROBROMIDE,CHEMBL1200935,True
BITOLTEROL,CHEMBL1201295,True
VARENICLINE,CHEMBL1076903,True
IBUPROFEN SODIUM,CHEMBL3989408,True
ZAVEGEPANT HYDROCHLORIDE,CHEMBL4650220,True
LACOSAMIDE,CHEMBL58323,True
TERODILINE,CHEMBL363295,True
LEVOKETOCONAZOLE,CHEMBL295698,True
OSIMERTINIB,CHEMBL3353410,True
RIBOFLAVIN 5'-PHOSPHATE SODIUM,CHEMBL3989697,True
ETHOPROPAZINE,CHEMBL1206,True
OSILODROSTAT,CHEMBL3099695,True
BICTEGRAVIR,CHEMBL3989866,True
EPINASTINE HYDROCHLORIDE,CHEMBL1200491,True
DELAFLOXACIN,CHEMBL2105637,True
FLURPIRIDAZ F 18,CHEMBL2107799,True
CEFMENOXIME,CHEMBL1201224,True
CALCIUM CHLORIDE,CHEMBL1200668,True
TELOTRISTAT ETHYL,CHEMBL2105695,True
ISOSORBIDE MONONITRATE,CHEMBL1311,True
LEVORPHANOL TARTRATE,CHEMBL3989768,True
MELOXICAM,CHEMBL599,True
TAFAMIDIS MEGLUMINE,CHEMBL2105675,True
DISOPYRAMIDE PHOSPHATE,CHEMBL1201020,True
TROPICAMIDE,CHEMBL1200604,True
ETHINYL ESTRADIOL,CHEMBL691,True
AMLODIPINE BENZOATE,CHEMBL4594262,True
FENCLOFENAC,CHEMBL15677,True
BENAZEPRIL HYDROCHLORIDE,CHEMBL1694,True
SALMETEROL,CHEMBL1263,True
MORICIZINE HYDROCHLORIDE,CHEMBL1200334,True
BETAMETHASONE SODIUM PHOSPHATE,CHEMBL1200762,True
LAZERTINIB MESYLATE,CHEMBL6068478,True
RIFAPENTINE,CHEMBL1660,True
FIDAXOMICIN,CHEMBL1255800,True
RIZATRIPTAN BENZOATE,CHEMBL1201032,True
ENTECAVIR ANHYDROUS,CHEMBL713,True
ERYTHROMYCIN STEARATE,CHEMBL1200510,True
SULFAGUANIDINE,CHEMBL338802,True
ALECTINIB,CHEMBL1738797,True
BUSULFAN,CHEMBL820,True
BUFORMIN,CHEMBL39736,True
PENCICLOVIR SODIUM,CHEMBL2079793,True
LAROTRECTINIB,CHEMBL3889654,True
TILBROQUINOL,CHEMBL1788385,True
AMOBARBITAL SODIUM,CHEMBL2105941,True
SODIUM FLUORIDE,CHEMBL1528,True
EPROSARTAN MESYLATE,CHEMBL1200987,True
RALTEGRAVIR POTASSIUM,CHEMBL518520,True
CYPROHEPTADINE HYDROCHLORIDE,CHEMBL1716,True
HYDROXYCHLOROQUINE SULFATE,CHEMBL1690,True
RIZATRIPTAN,CHEMBL905,True
LANINAMIVIR OCTANOATE,CHEMBL467058,True
"POTASSIUM PHOSPHATE, DIBASIC",CHEMBL1200459,True
RASAGILINE TARTRATE,CHEMBL6067988,True
CLOMACRAN PHOSPHATE,CHEMBL2104136,True
BENTIROMIDE,CHEMBL1200368,True
LITHIUM CARBONATE,CHEMBL1200826,True
FIPEXIDE,CHEMBL254857,True
RIFAMYCIN,CHEMBL437765,True
SERTINDOLE,CHEMBL12713,True
TAPENTADOL,CHEMBL1201776,True
PHOSPHORIC ACID,CHEMBL1187,True
THALIDOMIDE,CHEMBL468,True
APREPITANT,CHEMBL1471,True
INDINAVIR ANHYDROUS,CHEMBL115,True
WATER,CHEMBL1098659,True
ESTAZOLAM,CHEMBL285674,True
DIFEMERINE,CHEMBL3304486,True
PENICILLIN V POTASSIUM,CHEMBL1200852,True
BARIUM SULFATE,CHEMBL2105897,True
CLINDAMYCIN PHOSPHATE,CHEMBL3184512,True
FLUMETHASONE PIVALATE,CHEMBL1200877,True
DEUCRAVACITINIB,CHEMBL4435170,True
GOZETOTIDE,CHEMBL3578202,True
REMDESIVIR,CHEMBL4065616,True
PEMETREXED TROMETHAMINE,CHEMBL3989962,True
TALAPORFIN SODIUM,CHEMBL2107806,True
AMOPROXAN,CHEMBL2104537,True
TEMSIROLIMUS,CHEMBL1201182,True
MAGNESIUM TRISILICATE,CHEMBL2096633,True
PHENYLEPHRINE HYDROCHLORIDE,CHEMBL1200339,True
SIBUTRAMINE HYDROCHLORIDE,CHEMBL3989830,True
ADAGRASIB,CHEMBL4594350,True
ANILERIDINE PHOSPHATE,CHEMBL1200543,True
OBETICHOLIC ACID,CHEMBL566315,True
PHENIRAMINE,CHEMBL1193,True
SPECTINOMYCIN,CHEMBL1167,True
METHIXENE,CHEMBL1201342,True
MICAFUNGIN SODIUM,CHEMBL1237070,True
FENTANYL,CHEMBL596,True
MEROPENEM,CHEMBL127,True
FENOLDOPAM,CHEMBL588,True
WARFARIN SODIUM,CHEMBL1200879,True
MITOTANE,CHEMBL1670,True
NELFINAVIR,CHEMBL584,True
ELEXACAFTOR,CHEMBL4298128,True
NALOXONE HYDROCHLORIDE DIHYDRATE,CHEMBL5315056,True
OXCARBAZEPINE,CHEMBL1068,True
PYRIDOXINE HYDROCHLORIDE,CHEMBL1200756,True
METHYLDOPATE,CHEMBL1201233,True
THIETHYLPERAZINE MALATE,CHEMBL2359670,True
OZAGREL,CHEMBL11662,True
BITOLTEROL MESYLATE,CHEMBL1200405,True
IOTHALAMATE SODIUM I 125,CHEMBL2106318,True
NIFURTIMOX,CHEMBL290960,True
CABOZANTINIB,CHEMBL2105717,True
ALTRETAMINE,CHEMBL1455,True
CLOPIDOGREL HYDROCHLORIDE,CHEMBL6068338,True
VONOPRAZAN FUMARATE,CHEMBL2064032,True
AMDINOCILLIN,CHEMBL530,True
TRIMIPRAMINE MALEATE,CHEMBL1200948,True
MYCOPHENOLATE SODIUM,CHEMBL2106643,True
ACETYLCYSTEINE LYSINE,CHEMBL6068327,True
ILOPERIDONE,CHEMBL14376,True
CYCLOPHOSPHAMIDE,CHEMBL1200796,True
GRAZOPREVIR ANHYDROUS,CHEMBL2063090,True
CYSTEAMINE,CHEMBL602,True
METHACYCLINE,CHEMBL249837,True
LEVOTHYROXINE SODIUM,CHEMBL2103741,True
RALTEGRAVIR,CHEMBL254316,True
SODIUM LACTATE,CHEMBL1357,True
PREDNISOLONE,CHEMBL131,True
PENTAMIDINE,CHEMBL55,True
DECAMETHONIUM,CHEMBL1190,True
PYRITINOL,CHEMBL488093,True
PHENACEMIDE,CHEMBL918,True
POLIHEXANIDE,CHEMBL2106939,True
RIVASTIGMINE TARTRATE,CHEMBL1201092,True
ANTAZOLINE PHOSPHATE,CHEMBL1200550,True
METHSCOPOLAMINE BROMIDE,CHEMBL1354199,True
PHENYLEPHRINE,CHEMBL1215,True
EZOGABINE,CHEMBL41355,True
CALCIFEDIOL ANHYDROUS,CHEMBL1040,True
TAPINAROF,CHEMBL259571,True
EPOPROSTENOL,CHEMBL1139,True
TEMOPORFIN,CHEMBL500576,True
GLYCOPYRRONIUM,CHEMBL1201335,True
PROTRIPTYLINE,CHEMBL668,True
PROGUANIL,CHEMBL1377,True
EBASTINE,CHEMBL305660,True
UMBRALISIB,CHEMBL3948730,True
PIMAVANSERIN TARTRATE,CHEMBL2448613,True
PAFOLACIANINE,CHEMBL4297412,True
TERFENADINE,CHEMBL17157,True
ROPINIROLE HYDROCHLORIDE,CHEMBL1200411,True
NIALAMIDE,CHEMBL1256841,True
HEXOCYCLIUM,CHEMBL1201325,True
ANAGESTONE ACETATE,CHEMBL2104489,True
RISEDRONATE SODIUM,CHEMBL1654,True
ESTRADIOL CYPIONATE,CHEMBL1200973,True
DIENOGEST,CHEMBL1201864,True
AVATROMBOPAG MALEATE,CHEMBL2105758,True
TRIFLURIDINE,CHEMBL1129,True
LEVOCETIRIZINE DIHYDROCHLORIDE,CHEMBL1201190,True
OSILODROSTAT PHOSPHATE,CHEMBL3707393,True
CILASTATIN SODIUM,CHEMBL1201057,True
PHENOLPHTHALEIN,CHEMBL63857,True
MEMANTINE,CHEMBL807,True
PEMIGATINIB,CHEMBL4297522,True
CEFDITOREN PIVOXIL,CHEMBL454446,True
MACIMORELIN ACETATE,CHEMBL2364617,True
PEMAFIBRATE,CHEMBL247951,True
ETHAMBUTOL HYDROCHLORIDE,CHEMBL3140361,True
LEFAMULIN,CHEMBL3291398,True
DEXIBUPROFEN,CHEMBL175,True
OMEPRAZOLE MAGNESIUM,CHEMBL1567328,True
FENOLDOPAM MESYLATE,CHEMBL1026,True
MAGNESIUM OXYBATE,CHEMBL4594394,True
CEFTIZOXIME SODIUM,CHEMBL1201019,True
DEXTROAMPHETAMINE,CHEMBL612,True
CEFACLOR ANHYDROUS,CHEMBL680,True
DACOMITINIB ANHYDROUS,CHEMBL2110732,True
MEFENAMIC ACID,CHEMBL686,True
COBICISTAT,CHEMBL2095208,True
CABOZANTINIB S-MALATE,CHEMBL2103868,True
PENTETATE CALCIUM TRISODIUM,CHEMBL1200945,True
ZAFIRLUKAST,CHEMBL603,True
TERODILINE HYDROCHLORIDE,CHEMBL539770,True
ATRACURIUM,CHEMBL1360,True
LENALIDOMIDE HYDROCHLORIDE MONOHYDRATE,CHEMBL6068337,True
TIROFIBAN,CHEMBL916,True
DOLASETRON,CHEMBL2368925,True
NILUTAMIDE,CHEMBL1274,True
PANTOPRAZOLE SODIUM,CHEMBL3989559,True
OLMESARTAN MEDOXOMIL,CHEMBL1200692,True
CLOCORTOLONE PIVALATE,CHEMBL1200975,True
QUINETHAZONE,CHEMBL1532,True
METHICILLIN,CHEMBL575,True
NALOXEGOL,CHEMBL2219418,True
LONAFARNIB,CHEMBL298734,True
HEXOCYCLIUM METHYLSULFATE,CHEMBL1626570,True
TOLVAPTAN,CHEMBL344159,True
CEPHAPIRIN,CHEMBL1599,True
FUROSEMIDE,CHEMBL35,True
ACETARSONE,CHEMBL1330792,True
CLOPIDOGREL HYDROBROMIDE,CHEMBL6068343,True
ESTRAMUSTINE PHOSPHATE SODIUM,CHEMBL1200721,True
PANTOTHENIC ACID,CHEMBL1594,True
ATRACURIUM BESYLATE,CHEMBL1200527,True
DIATRIZOATE MEGLUMINE,CHEMBL1200839,True
EDETATE DISODIUM ANHYDROUS,CHEMBL1749,True
MIVACURIUM CHLORIDE,CHEMBL984,True
MEXILETINE,CHEMBL558,True
DEXKETOPROFEN,CHEMBL75435,True
TRAVOPROST,CHEMBL1200799,True
LINCOMYCIN,CHEMBL1447,True
PHENOBARBITAL,CHEMBL40,True
TOLBUTAMIDE,CHEMBL782,True
ARTICAINE,CHEMBL1093,True
DIHYDROCODEINE,CHEMBL1595,True
DICLOXACILLIN SODIUM,CHEMBL1200701,True
FLUOCINONIDE,CHEMBL1501,True
UMBRALISIB TOSYLATE,CHEMBL3989869,True
RIBOFLAVIN,CHEMBL1534,True
QUIZARTINIB,CHEMBL576982,True
FAMOTIDINE,CHEMBL902,True
LAZERTINIB,CHEMBL4558324,True
IOPAMIDOL,CHEMBL1200932,True
ERAVACYCLINE DIHYDROCHLORIDE,CHEMBL2219414,True
OSIMERTINIB MESYLATE,CHEMBL3545063,True
POTASSIUM OXYBATE,CHEMBL4594395,True
CEFAZOLIN,CHEMBL1435,True
DESOXYCORTICOSTERONE ACETATE,CHEMBL1200542,True
SULFOXONE SODIUM,CHEMBL1200580,True
NITAZOXANIDE,CHEMBL1401,True
LAROTRECTINIB SULFATE,CHEMBL3989939,True
STREPTOMYCIN,CHEMBL372795,True
BUTENAFINE,CHEMBL990,True
NICLOSAMIDE,CHEMBL1448,True
SERTACONAZOLE NITRATE,CHEMBL1200725,True
TALAZOPARIB,CHEMBL3137320,True
OMARIGLIPTIN,CHEMBL2105762,True
AVOBENZONE,CHEMBL1200522,True
TOBRAMYCIN,CHEMBL1747,True
ALPELISIB,CHEMBL2396661,True
CLOPIDOGREL BESILATE,CHEMBL6068333,True
PERHEXILINE MALEATE,CHEMBL1334033,True
BENOXAPROFEN,CHEMBL340978,True
ARSENIC TRIOXIDE,CHEMBL5483015,True
TEMAZEPAM,CHEMBL967,True
TEGASEROD,CHEMBL76370,True
ENFLURANE,CHEMBL1257,True
CEFTRIAXONE,CHEMBL161,True
SOLIFENACIN SUCCINATE,CHEMBL1200803,True
DICUMAROL,CHEMBL1466,True
KRYPTON,CHEMBL1233877,True
AMBENONIUM CHLORIDE,CHEMBL1200541,True
CALCIUM CARBONATE,CHEMBL1200539,True
SULFAMETER,CHEMBL1200359,True
SITAXENTAN,CHEMBL282724,True
PERINDOPRIL ERBUMINE,CHEMBL1200343,True
NAPROXEN SODIUM,CHEMBL1200806,True
AFATINIB DIMALEATE,CHEMBL2105712,True
DIBUCAINE HYDROCHLORIDE,CHEMBL1200612,True
TRYPAN BLUE,CHEMBL1640,True
ISOFLUROPHATE,CHEMBL1025,True
DEMECARIUM BROMIDE,CHEMBL1200514,True
OXYMORPHONE HYDROCHLORIDE,CHEMBL1200794,True
CYCLIZINE LACTATE,CHEMBL1200497,True
EMTRICITABINE,CHEMBL885,True
TOLMETIN,CHEMBL1020,True
FLUDEOXYGLUCOSE F 18,CHEMBL2030434,True
QUINACRINE,CHEMBL7568,True
ETOPOSIDE,CHEMBL44657,True
MINOXIDIL,CHEMBL802,True
ACORAMIDIS,CHEMBL3940890,True
CLOMIPHENE,CHEMBL2355051,True
IRINOTECAN HYDROCHLORIDE,CHEMBL3989514,True
BECLOBRATE,CHEMBL152684,True
IOVERSOL,CHEMBL1200614,True
CEFTOBIPROLE MEDOCARIL FREE ACID,CHEMBL1652606,True
DEXCHLORPHENIRAMINE MALEATE,CHEMBL1200927,True
SIBUTRAMINE,CHEMBL1419,True
GEPIRONE,CHEMBL284092,True
OXYPHENCYCLIMINE HYDROCHLORIDE,CHEMBL1200891,True
SOTAGLIFLOZIN,CHEMBL3039507,True
LEVALBUTEROL TARTRATE,CHEMBL3989693,True
DIPIVEFRIN,CHEMBL1201262,True
CARTEOLOL,CHEMBL839,True
PROCAINE HYDROCHLORIDE,CHEMBL1200841,True
CRAVACITINIB,CHEMBL4596392,True
PIOGLITAZONE HYDROCHLORIDE,CHEMBL1715,True
CLAVULANATE POTASSIUM,CHEMBL1003,True
LEUCOVORIN CALCIUM,CHEMBL1201138,True
BEXAGLIFLOZIN,CHEMBL1808388,True
METHYLENE BLUE,CHEMBL550495,True
CEPHALOTHIN SODIUM,CHEMBL1632,True
HALOFANTRINE,CHEMBL1107,True
GATIFLOXACIN,CHEMBL31,True
TOLBUTAMIDE SODIUM,CHEMBL1200874,True
CLOFAZIMINE,CHEMBL1292,True
TIVOZANIB,CHEMBL1289494,True
AZATADINE MALEATE,CHEMBL3544908,True
LABETALOL,CHEMBL429,True
OXYPHENONIUM BROMIDE,CHEMBL1200906,True
BUPROPION,CHEMBL894,True
NALMEFENE,CHEMBL982,True
TOLRESTAT,CHEMBL436,True
CHLORAMBUCIL,CHEMBL515,True
LAPYRIUM,CHEMBL1201786,True
BENZIODARONE,CHEMBL232201,True
CALCIPOTRIENE,CHEMBL1200666,True
METFORMIN HYDROCHLORIDE,CHEMBL1703,True
FLUORESCEIN SODIUM,CHEMBL1628233,True
TERAZOSIN,CHEMBL611,True
DEFERASIROX,CHEMBL550348,True
SULINDAC,CHEMBL15770,True
AZTREONAM LYSINE,CHEMBL3833340,True
METHOXSALEN,CHEMBL416,True
LANDIOLOL HYDROCHLORIDE,CHEMBL2362410,True
OXYPHENISATINE,CHEMBL245807,True
FEDRATINIB,CHEMBL1287853,True
ERIBULIN MESYLATE,CHEMBL1683544,True
ERAVACYCLINE,CHEMBL1951095,True
SERATRODAST,CHEMBL70972,True
DIETHYLPROPION HYDROCHLORIDE,CHEMBL1693,True
CARBIDOPA ANHYDROUS,CHEMBL1201236,True
CEFOTETAN,CHEMBL474579,True
OXYTETRACYCLINE,CHEMBL1517,True
CANDESARTAN CILEXETIL,CHEMBL1014,True
DILTIAZEM HYDROCHLORIDE,CHEMBL1697,True
AMODIAQUINE,CHEMBL682,True
PERFLUTREN,CHEMBL1663,True
SULFACYTINE,CHEMBL1201056,True
ESTRONE,CHEMBL1405,True
HALCINONIDE,CHEMBL1200845,True
PRILOCAINE HYDROCHLORIDE,CHEMBL1200586,True
AMITRIPTYLINE,CHEMBL629,True
CEFOPERAZONE SODIUM,CHEMBL1200482,True
FILGOTINIB,CHEMBL3301607,True
METHYLPREDNISOLONE ACETATE,CHEMBL1364144,True
OXICONAZOLE NITRATE,CHEMBL1200836,True
MEXILETINE HYDROCHLORIDE,CHEMBL1200606,True
DESOXIMETASONE,CHEMBL1766,True
BIPERIDEN,CHEMBL1101,True
NILOTINIB HYDROCHLORIDE MONOHYDRATE,CHEMBL1201740,True
CHLOROTHIAZIDE SODIUM,CHEMBL1200616,True
PRILOCAINE,CHEMBL1194,True
ALPROSTADIL,CHEMBL495,True
GLYCOPYRRONIUM TOSYLATE,CHEMBL3707243,True
SULFAMETHIZOLE,CHEMBL1191,True
METHAPYRILENE HYDROCHLORIDE,CHEMBL1255739,True
PINACIDIL,CHEMBL1200338,True
TAUROLIDINE,CHEMBL2105420,True
LEVOMETHADYL ACETATE,CHEMBL1514,True
PROTOKYLOL HYDROCHLORIDE,CHEMBL1200893,True
METHYLPREDNISOLONE HEMISUCCINATE,CHEMBL1201265,True
ACETAZOLAMIDE SODIUM,CHEMBL1200814,True
AMIODARONE,CHEMBL633,True
INDOCYANINE GREEN ACID FORM,CHEMBL1201304,True
DEQUALINIUM CHLORIDE,CHEMBL121663,True
SPARTEINE,CHEMBL1908847,True
DESONIDE,CHEMBL1201109,True
THIOTEPA,CHEMBL671,True
BAZEDOXIFENE,CHEMBL46740,True
LEVOCETIRIZINE,CHEMBL1201191,True
PSEUDOEPHEDRINE,CHEMBL1590,True
ETONOGESTREL,CHEMBL1531,True
THEOPHYLLINE GLYCINATE,CHEMBL1208646,True
MIGALASTAT HYDROCHLORIDE,CHEMBL2107355,True
FOSCARNET SODIUM,CHEMBL754,True
RETINOL,CHEMBL986,True
RAMOSETRON HYDROCHLORIDE,CHEMBL3181841,True
BIPERIDEN HYDROCHLORIDE,CHEMBL1201035,True
ETODOLAC,CHEMBL622,True
DOXAPRAM HYDROCHLORIDE,CHEMBL3989519,True
AMDINOCILLIN PIVOXIL,CHEMBL1650818,True
TETRAZEPAM,CHEMBL2105527,True
METAXALONE,CHEMBL1079604,True
TETRAHYDROZOLINE,CHEMBL1266,True
NONOXYNOL 9,CHEMBL1410,True
LEVONORGESTREL,CHEMBL1389,True
OMADACYCLINE,CHEMBL1689772,True
CLONAZEPAM,CHEMBL452,True
ROLAPITANT HYDROCHLORIDE,CHEMBL3707330,True
TRILACICLIB,CHEMBL3894860,True
ECONAZOLE NITRATE,CHEMBL1201049,True
DEXPANTHENOL,CHEMBL1200979,True
AMINOCAPROIC ACID,CHEMBL1046,True
RESCINNAMINE,CHEMBL1668,True
BEROTRALSTAT,CHEMBL5189739,True
DIETHYLSTILBESTROL,CHEMBL411,True
ATOGEPANT,CHEMBL3991065,True
CEFEPIME,CHEMBL186,True
TRIMETHOPRIM SULFATE,CHEMBL2110367,True
AZELAIC ACID,CHEMBL1238,True
ARTEMETHER,CHEMBL566534,True
GABAPENTIN ENACARBIL,CHEMBL1628502,True
BETAMETHASONE VALERATE,CHEMBL1497,True
PSEUDOEPHEDRINE SULFATE,CHEMBL3989855,True
ACALABRUTINIB,CHEMBL3707348,True
BUDESONIDE,CHEMBL1370,True
TELOTRISTAT ETIPRATE,CHEMBL3348963,True
GENTIAN VIOLET,CHEMBL64894,True
LEVOPROPOXYPHENE NAPSYLATE,CHEMBL1593906,True
ACYCLOVIR,CHEMBL184,True
ALENDRONATE SODIUM,CHEMBL675,True
ISOSORBIDE,CHEMBL1200660,True
INDACATEROL MALEATE,CHEMBL1789842,True
DOPAMINE HYDROCHLORIDE,CHEMBL1557,True
CIMETIDINE HYDROCHLORIDE,CHEMBL1201051,True
CABOTEGRAVIR,CHEMBL2403238,True
GLYCERIN,CHEMBL692,True
VANZACAFTOR,CHEMBL5314934,True
NITROUS ACID,CHEMBL1161681,True
BALSALAZIDE,CHEMBL1201346,True
TRIFLUPROMAZINE HYDROCHLORIDE,CHEMBL1201102,True
PITAVASTATIN MAGNESIUM,CHEMBL3989923,True
PERFLEXANE,CHEMBL1200607,True
NAPHAZOLINE HYDROCHLORIDE,CHEMBL1706,True
TRICLOFOS SODIUM,CHEMBL1200789,True
VENLAFAXINE,CHEMBL637,True
TETRACYCLINE PHOSPHATE COMPLEX,CHEMBL1201071,True
RILPIVIRINE,CHEMBL175691,True
ELTROMBOPAG,CHEMBL461101,True
CARVEDILOL PHOSPHATE,CHEMBL1201167,True
LIDOCAINE,CHEMBL79,True
HYDROCORTISONE,CHEMBL389621,True
LATANOPROST,CHEMBL1051,True
DEXLANSOPRAZOLE,CHEMBL1201863,True
SULFISOXAZOLE,CHEMBL453,True
COPANLISIB HYDROCHLORIDE,CHEMBL3545068,True
ACETYLDIGITOXIN,CHEMBL3545057,True
FEXINIDAZOLE,CHEMBL1631694,True
ENTRECTINIB,CHEMBL1983268,True
TAMSULOSIN HYDROCHLORIDE,CHEMBL1200914,True
PALONOSETRON HYDROCHLORIDE,CHEMBL1720,True
TETRACYCLINE HYDROCHLORIDE,CHEMBL454950,True
BETHANECHOL CHLORIDE,CHEMBL1768,True
BROMFENAC,CHEMBL1077,True
HYDROCORTISONE VALERATE,CHEMBL1200562,True
OXAMNIQUINE,CHEMBL847,True
ZOMEPIRAC,CHEMBL19490,True
TIRBANIBULIN,CHEMBL571546,True
ISOPROTERENOL HYDROCHLORIDE,CHEMBL1711,True
PROCAINE BENZYLPENICILLIN,CHEMBL1628385,True
METHAQUALONE HYDROCHLORIDE,CHEMBL2106829,True
REVUMENIB CITRATE,CHEMBL6068395,True
ZALCITABINE,CHEMBL853,True
BROTIZOLAM,CHEMBL32479,True
LEVAMISOLE HYDROCHLORIDE,CHEMBL1770,True
TESTOSTERONE CYPIONATE,CHEMBL1201101,True
ALBUTEROL,CHEMBL714,True
ALFENTANIL,CHEMBL634,True
CLINDAMYCIN PALMITATE,CHEMBL1201289,True
VORAPAXAR SULFATE,CHEMBL2107386,True
IMATINIB MESYLATE,CHEMBL1642,True
APREMILAST,CHEMBL514800,True
VINBLASTINE SULFATE,CHEMBL378544,True
INAMRINONE LACTATE,CHEMBL2096642,True
DIHYDROERGOTAMINE MESYLATE,CHEMBL1200517,True
IBUDILAST,CHEMBL19449,True
VINFLUNINE DITARTRATE,CHEMBL2105629,True
PRETOMANID,CHEMBL227875,True
IRINOTECAN,CHEMBL481,True
TRIOXSALEN,CHEMBL1475,True
PERAMPANEL,CHEMBL1214124,True
TRELAGLIPTIN,CHEMBL1650443,True
GALLIUM GA 68 GOZETOTIDE,CHEMBL5095039,True
MYCOPHENOLATE MOFETIL,CHEMBL1456,True
LEVOSALBUTAMOL,CHEMBL1002,True
MACIMORELIN,CHEMBL278623,True
CEFOTIAM HYDROCHLORIDE,CHEMBL4303232,True
REPAGLINIDE,CHEMBL1272,True
CEFADROXIL,CHEMBL1644,True
SOLRIAMFETOL,CHEMBL4297620,True
LORLATINIB,CHEMBL3286830,True
RELEBACTAM ANHYDROUS,CHEMBL3112741,True
SUFENTANIL CITRATE,CHEMBL1201163,True
PRAMIPEXOLE,CHEMBL301265,True
BUPROPION HYDROBROMIDE,CHEMBL1201735,True
BIOALLETHRIN,CHEMBL1788403,True
DIFLORASONE DIACETATE,CHEMBL1200545,True
"AMMONIA SOLUTION, STRONG",CHEMBL1160819,True
CEFMETAZOLE SODIUM,CHEMBL1201118,True
HEXAMETHYL PARAROSANILINE,CHEMBL459265,True
CARBINOXAMINE,CHEMBL864,True
TRICHLOROETHANE,CHEMBL16080,True
CAPECITABINE,CHEMBL1773,True
SULBACTAM SODIUM,CHEMBL1200944,True
ALCLOMETASONE DIPROPIONATE,CHEMBL1200989,True
BROMOCRIPTINE MESYLATE,CHEMBL1200503,True
ORLISTAT,CHEMBL175247,True
PENTAZOCINE HYDROCHLORIDE,CHEMBL3989510,True
CYCLOBARBITAL,CHEMBL268164,True
PROPOXYCAINE HYDROCHLORIDE,CHEMBL1769,True
LOXAPINE HYDROCHLORIDE,CHEMBL1201060,True
LITHIUM CITRATE ANHYDROUS,CHEMBL1201170,True
SUMATRIPTAN,CHEMBL128,True
ORITAVANCIN,CHEMBL1688530,True
LINEZOLID,CHEMBL126,True
DIAMTHAZOLE DIHYDROCHLORIDE,CHEMBL346235,True
ARIMOCLOMOL CITRATE,CHEMBL4298149,True
HALOPERIDOL,CHEMBL54,True
AMINOREX,CHEMBL106258,True
THIOSULFURIC ACID,CHEMBL1208642,True
ENCAINIDE HYDROCHLORIDE,CHEMBL2106155,True
ORPHENADRINE HYDROCHLORIDE,CHEMBL1201023,True
CHLORTETRACYCLINE HYDROCHLORIDE,CHEMBL2146063,True
LIDOCAINE HYDROCHLORIDE,CHEMBL1200409,True
MINAPRINE,CHEMBL278819,True
TOLMETIN SODIUM,CHEMBL1200613,True
CITRIC ACID,CHEMBL1261,True
ZANAMIVIR,CHEMBL222813,True
CRISABOROLE,CHEMBL484785,True
MIDAZOLAM HYDROCHLORIDE,CHEMBL1200420,True
MITOXANTRONE HYDROCHLORIDE,CHEMBL1417019,True
MICONAZOLE,CHEMBL91,True
2-MERCAPTOETHANESULFONIC ACID,CHEMBL1098319,True
METHACHOLINE,CHEMBL978,True
PARECOXIB,CHEMBL1206690,True
DACOMITINIB,CHEMBL2105719,True
SODIUM SUCCINATE,CHEMBL1200345,True
POTASSIUM SULFATE,CHEMBL2021424,True
SULFISOXAZOLE DIOLAMINE,CHEMBL1200321,True
ROFLUMILAST,CHEMBL193240,True
NALDEMEDINE TOSYLATE,CHEMBL3039508,True
LEVOMEFOLIC ACID,CHEMBL1231574,True
SUNITINIB,CHEMBL535,True
BEPRIDIL,CHEMBL1008,True
DICLOXACILLIN,CHEMBL893,True
CHLORPHENESIN CARBAMATE,CHEMBL607710,True
PYRIDOXINE,CHEMBL1364,True
MOBOCERTINIB SUCCINATE,CHEMBL4802239,True
FLUTAMIDE,CHEMBL806,True
DEXFENFLURAMINE HYDROCHLORIDE,CHEMBL1887891,True
XIMELAGATRAN,CHEMBL522038,True
BUTENAFINE HYDROCHLORIDE,CHEMBL1200397,True
SODIUM BENZOATE,CHEMBL1356,True
BUTOCONAZOLE,CHEMBL1295,True
ACETANILIDE,CHEMBL269644,True
FLECAINIDE ACETATE,CHEMBL1200822,True
TACROLIMUS ANHYDROUS,CHEMBL269732,True
EDETATE DISODIUM,CHEMBL3989507,True
PIPECURONIUM BROMIDE,CHEMBL1200722,True
PIRBUTEROL,CHEMBL1094966,True
DESVENLAFAXINE,CHEMBL1118,True
RITODRINE HYDROCHLORIDE,CHEMBL1367605,True
METHANTHELINE,CHEMBL1201264,True
RANELIC ACID,CHEMBL2107175,True
AMLODIPINE BESYLATE,CHEMBL1200402,True
NIACINAMIDE,CHEMBL1140,True
IPODATE CALCIUM,CHEMBL2068725,True
ZIDOVUDINE,CHEMBL129,True
AMOXICILLIN,CHEMBL1082,True
CLIDINIUM,CHEMBL620,True
RIVASTIGMINE,CHEMBL636,True
TIMOLOL MALEATE,CHEMBL1200870,True
PROCHLORPERAZINE MALEATE,CHEMBL1314751,True
DANTHRON,CHEMBL53418,True
PROCAINAMIDE,CHEMBL640,True
FLORBETABEN,CHEMBL1908906,True
DUVELISIB MONOHYDRATE,CHEMBL5315125,True
METHYLENE BLUE CATION,CHEMBL191083,True
POTASSIUM IODIDE,CHEMBL1141,True
PROPYLHEXEDRINE,CHEMBL2105275,True
SPARTEINE SULFATE,CHEMBL1908348,True
METABROMSALAN,CHEMBL1801800,True
OXYMETAZOLINE,CHEMBL762,True
NALDEMEDINE,CHEMBL2105755,True
ALENDRONIC ACID,CHEMBL870,True
DASABUVIR,CHEMBL3137312,True
ZOPICLONE,CHEMBL135400,True
CARPROFEN,CHEMBL1316,True
FLUMAZENIL,CHEMBL407,True
PRALIDOXIME,CHEMBL1420,True
COBIMETINIB,CHEMBL2146883,True
SILDENAFIL CITRATE,CHEMBL1737,True
VERALIPRIDE,CHEMBL2105581,True
DARIDOREXANT HYDROCHLORIDE,CHEMBL4650216,True
PANCURONIUM,CHEMBL185073,True
TRIMIPRAMINE,CHEMBL644,True
DYCLONINE HYDROCHLORIDE,CHEMBL1200478,True
NORFLOXACIN,CHEMBL9,True
APALUTAMIDE,CHEMBL3183409,True
ALMOTRIPTAN,CHEMBL1505,True
PROCAINE,CHEMBL569,True
ADEFOVIR DIPIVOXIL,CHEMBL922,True
VILANTEROL TRIFENATATE,CHEMBL1084172,True
DEXCHLORPHENIRAMINE,CHEMBL1201353,True
TRISILICATE,CHEMBL2109882,True
LEVOCABASTINE,CHEMBL1615438,True
XENON XE 127,CHEMBL1200673,True
LAMIVUDINE,CHEMBL141,True
HYDROXYZINE PAMOATE,CHEMBL1200467,True
CEFUROXIME AXETIL,CHEMBL1095930,True
SULFISOMIDINE,CHEMBL485696,True
BENZONATATE,CHEMBL1374379,True
MEPHENTERMINE,CHEMBL1201234,True
CLORAZEPIC ACID,CHEMBL1213252,True
ADENOSINE,CHEMBL477,True
ISAVUCONAZONIUM,CHEMBL1183349,True
NOVOBIOCIN SODIUM,CHEMBL3183453,True
ISOETHARINE,CHEMBL1201213,True
BENDAMUSTINE,CHEMBL487253,True
TRIHEPTANOIN,CHEMBL4297585,True
POTASSIUM BITARTRATE,CHEMBL2105248,True
CHLORPROMAZINE,CHEMBL71,True
CLIOQUINOL,CHEMBL497,True
METHENAMINE,CHEMBL1201270,True
MITOXANTRONE,CHEMBL58,True
TRYPAN BLUE FREE ACID,CHEMBL1089641,True
TAMOXIFEN CITRATE,CHEMBL786,True
DIPIVEFRIN HYDROCHLORIDE,CHEMBL1200833,True
HYDROGEN PEROXIDE,CHEMBL71595,True
GRISEOFULVIN,CHEMBL562,True
DIPYRONE,CHEMBL3989803,True
MIVACURIUM,CHEMBL1182833,True
CARBINOXAMINE MALEATE,CHEMBL1200974,True
GUANETHIDINE MONOSULFATE,CHEMBL1345,True
SODIUM TETRADECYL SULFATE,CHEMBL1200354,True
PHENYLPROPANOLAMINE,CHEMBL61006,True
ELAFIBRANOR,CHEMBL3707395,True
BETAZOLE HYDROCHLORIDE,CHEMBL1200949,True
FLUORESCEIN,CHEMBL1057,True
CEPHAPIRIN SODIUM,CHEMBL1201043,True
MAGNESIUM HYDROXIDE,CHEMBL1200718,True
AMPHETAMINE/DEXTROAMPHETAMINE,CHEMBL5095505,True
AVACOPAN,CHEMBL3989871,True
MEPHENYTOIN,CHEMBL861,True
DIQUAFOSOL TETRASODIUM,CHEMBL1767408,True
ECHOTHIOPHATE,CHEMBL1201341,True
CAPSAICIN,CHEMBL294199,True
LOPINAVIR,CHEMBL729,True
ROSUVASTATIN,CHEMBL1496,True
IPODATE SODIUM,CHEMBL1201033,True
CLOZAPINE,CHEMBL42,True
LOXOPROFEN,CHEMBL19299,True
OLMUTINIB,CHEMBL3786343,True
ERYTHROMYCIN GLUCEPTATE,CHEMBL3545060,True
AVANAFIL,CHEMBL1963681,True
NAFCILLIN SODIUM,CHEMBL1568276,True
THONZONIUM BROMIDE,CHEMBL1200883,True
OXACILLIN SODIUM,CHEMBL3989567,True
CANGRELOR,CHEMBL334966,True
TOFACITINIB CITRATE,CHEMBL2103743,True
ALFUZOSIN,CHEMBL709,True
RAMATROBAN,CHEMBL361812,True
XANOMELINE TARTRATE,CHEMBL2336050,True
SAFINAMIDE MESYLATE,CHEMBL48582,True
BICTEGRAVIR SODIUM,CHEMBL3989867,True
LASOFOXIFENE,CHEMBL328190,True
TEMAFLOXACIN,CHEMBL277100,True
METHDILAZINE,CHEMBL1200959,True
MOXIFLOXACIN HYDROCHLORIDE,CHEMBL1200735,True
CHLORPHENIRAMINE MALEATE,CHEMBL1659,True
MALATHION,CHEMBL1200468,True
EDETATE CALCIUM DISODIUM MONOHYDRATE,CHEMBL3989522,True
BEROTRALSTAT HYDROCHLORIDE,CHEMBL6067995,True
SULFACETAMIDE SODIUM,CHEMBL1723241,True
PERFLUOROHEXYLOCTANE,CHEMBL5314588,True
PRAMOXINE,CHEMBL1198,True
LEVAMLODIPINE MALEATE,CHEMBL4594288,True
INDIGOTINDISULFONATE,CHEMBL1091250,True
TRICLOSAN,CHEMBL849,True
DEFEROXAMINE,CHEMBL556,True
FLUPIRTINE,CHEMBL255044,True
IDOXURIDINE,CHEMBL788,True
BEPOTASTINE,CHEMBL1201758,True
RAPACURONIUM,CHEMBL1201352,True
TAFENOQUINE,CHEMBL298470,True
SULFADIMETHOXINE,CHEMBL62193,True
RIFABUTIN,CHEMBL444633,True
REBOXETINE,CHEMBL14370,True
MEDROXYPROGESTERONE ACETATE,CHEMBL717,True
MOLINDONE HYDROCHLORIDE,CHEMBL1200419,True
FLUORODOPA,CHEMBL3547132,True
BOCEPREVIR,CHEMBL218394,True
ISOSULFAN BLUE INNER SALT,CHEMBL1201275,True
SOFPIRONIUM,CHEMBL3707224,True
CHLORAMPHENICOL SUCCINIC ACID,CHEMBL1201281,True
FLUPHENAZINE DECANOATE,CHEMBL1200854,True
REMIMAZOLAM BESYLATE,CHEMBL4594301,True
CARBACHOL,CHEMBL14,True
TETRAMETHRIN,CHEMBL1788386,True
PHOLCODINE,CHEMBL2105224,True
MELAGATRAN,CHEMBL266349,True
GLASDEGIB MALEATE,CHEMBL4297534,True
BRETYLIUM TOSYLATE,CHEMBL1095292,True
ETHANOLAMINE OLEATE,CHEMBL3989529,True
PIPERACETAZINE,CHEMBL1584,True
PIPOBROMAN,CHEMBL1585,True
ATROPINE SULFATE,CHEMBL2146146,True
BENZTROPINE,CHEMBL1201203,True
TOLAZAMIDE,CHEMBL817,True
TAZEMETOSTAT,CHEMBL3414621,True
DABIGATRAN ETEXILATE MESYLATE,CHEMBL1615369,True
SODIUM IODIDE I 131,CHEMBL1201084,True
PENBUTOLOL SULFATE,CHEMBL2361370,True
ALMOTRIPTAN MALATE,CHEMBL1200521,True
METHOTREXATE SODIUM,CHEMBL3244648,True
CLOMIPRAMINE HYDROCHLORIDE,CHEMBL1200710,True
BENZGALANTAMINE GLUCONATE,CHEMBL6068431,True
METHOXYFLURANE,CHEMBL1341,True
XENAZOIC ACID,CHEMBL1909289,True
LOVASTATIN,CHEMBL503,True
DROSPIRENONE,CHEMBL1509,True
AMIFAMPRIDINE,CHEMBL354077,True
MAGNESIUM SULFATE,CHEMBL3989857,True
MEFLOQUINE HYDROCHLORIDE,CHEMBL535650,True
ELBASVIR,CHEMBL3039514,True
GLIPIZIDE,CHEMBL1073,True
AMINOSALICYLATE SODIUM,CHEMBL2096646,True
GLUTETHIMIDE,CHEMBL1102,True
TRIENTINE TETRAHYDROCHLORIDE,CHEMBL5095420,True
PHENTERMINE HYDROCHLORIDE,CHEMBL1200912,True
COCAINE,CHEMBL370805,True
ANISINDIONE,CHEMBL712,True
OZANIMOD,CHEMBL3707247,True
CLOFOREX,CHEMBL1697686,True
CYCRIMINE HYDROCHLORIDE,CHEMBL1200828,True
GALLAMINE,CHEMBL360055,True
LINAGLIPTIN,CHEMBL237500,True
ACALABRUTINIB MALEATE,CHEMBL4594293,True
HEXOBARBITAL,CHEMBL7728,True
LOPERAMIDE,CHEMBL841,True
UMECLIDINIUM BROMIDE,CHEMBL523299,True
DIFLUPREDNATE,CHEMBL1201749,True
SULFADIMETHOXINE SODIUM,CHEMBL2107253,True
ALCOHOL,CHEMBL545,True
PROPYLIODONE,CHEMBL1200821,True
SPIRAPRIL HYDROCHLORIDE,CHEMBL1200831,True
PENTAMIDINE ISETHIONATE,CHEMBL361506,True
FLUPREDNISOLONE,CHEMBL1200774,True
VARDENAFIL HYDROCHLORIDE,CHEMBL1339,True
LORACARBEF,CHEMBL1200610,True
PAROXETINE HYDROCHLORIDE,CHEMBL6067650,True
TERCONAZOLE,CHEMBL1714574,True
HYDROCORTISONE SODIUM SUCCINATE,CHEMBL1200495,True
DEXTROTHYROXINE,CHEMBL559,True
PREDNISONE,CHEMBL635,True
CLARITHROMYCIN,CHEMBL1741,True
TENOFOVIR DISOPROXIL PHOSPHATE,CHEMBL6068341,True
NEBIVOLOL HYDROCHLORIDE,CHEMBL1201731,True
CYCLOTHIAZIDE,CHEMBL61593,True
IOXAGLATE SODIUM,CHEMBL1200743,True
CALCIUM METRIZOATE,CHEMBL2068723,True
FLUOROURACIL,CHEMBL185,True
DITHIAZANINE,CHEMBL1185568,True
GABAPENTIN,CHEMBL940,True
DEUTETRABENAZINE,CHEMBL3137326,True
OXYTETRACYCLINE HYDROCHLORIDE,CHEMBL1607480,True
SOTORASIB,CHEMBL4535757,True
DORZOLAMIDE,CHEMBL218490,True
LEVAMFETAMINE,CHEMBL19393,True
GARENOXACIN MESYLATE,CHEMBL3183451,True
VILAZODONE,CHEMBL439849,True
RIMANTADINE,CHEMBL959,True
XANOMELINE,CHEMBL21536,True
CORTISONE ACETATE,CHEMBL1650,True
FLORTAUCIPIR F 18,CHEMBL3545253,True
ASENAPINE MALEATE,CHEMBL3544974,True
PALOVAROTENE,CHEMBL2105648,True
GLECAPREVIR,CHEMBL3545363,True
FLOSEQUINAN,CHEMBL1908307,True
MERCAPTOPURINE,CHEMBL1200751,True
TERBINAFINE HYDROCHLORIDE,CHEMBL1200832,True
BENZTROPINE MESYLATE,CHEMBL1200383,True
SERTRALINE,CHEMBL809,True
ANTRAFENINE,CHEMBL345524,True
TIOTROPIUM BROMIDE,CHEMBL3545181,True
"SODIUM PHOSPHATE, DIBASIC, ANHYDROUS",CHEMBL1060,True
BROXYQUINOLINE,CHEMBL223448,True
METRIZOATE MAGNESIUM,CHEMBL2364738,True
CONIVAPTAN HYDROCHLORIDE,CHEMBL1201108,True
TAMOXIFEN,CHEMBL83,True
VILAZODONE HYDROCHLORIDE,CHEMBL1615374,True
TRIMETREXATE GLUCURONATE,CHEMBL2218878,True
TRIMEPRAZINE TARTRATE,CHEMBL3989885,True
TIPIRACIL,CHEMBL235668,True
HYDROXYZINE,CHEMBL896,True
NATEGLINIDE,CHEMBL783,True
ENZALUTAMIDE,CHEMBL1082407,True
CINEPAZIDE,CHEMBL1874750,True
TROMETHAMINE,CHEMBL1200391,True
GANAXOLONE,CHEMBL1568698,True
FLUOXETINE HYDROCHLORIDE,CHEMBL1201082,True
ERIBULIN,CHEMBL1683590,True
IODOHIPPURATE,CHEMBL1681,True
BECLOMETHASONE DIPROPIONATE,CHEMBL1200500,True
URETHANE,CHEMBL462547,True
BUCLIZINE HYDROCHLORIDE,CHEMBL2360580,True
EPINEPHRINE BITARTRATE,CHEMBL1256958,True
TICRYNAFEN,CHEMBL267744,True
DICLOFENAC,CHEMBL139,True
GEFITINIB,CHEMBL939,True
IXAZOMIB CITRATE,CHEMBL3545432,True
IVABRADINE HYDROCHLORIDE,CHEMBL2145077,True
BEPOTASTINE BESYLATE,CHEMBL1201759,True
ANIDULAFUNGIN,CHEMBL264241,True
ESTRAMUSTINE PHOSPHATE,CHEMBL1756,True
MAPROTILINE HYDROCHLORIDE,CHEMBL1237135,True
UPADACITINIB,CHEMBL3622821,True
DAPRODUSTAT,CHEMBL3544988,True
PENTETIC ACID,CHEMBL780,True
AMIKACIN SULFATE,CHEMBL4208954,True
LEVOMETHADYL ACETATE HYDROCHLORIDE,CHEMBL1200817,True
MEBANAZINE,CHEMBL1909283,True
AZATHIOPRINE,CHEMBL1542,True
PHENFORMIN HYDROCHLORIDE,CHEMBL1528839,True
NAFTAZONE,CHEMBL2106794,True
DAPAGLIFLOZIN PROPANEDIOL,CHEMBL2103802,True
UREA C 13,CHEMBL2096648,True
ETOMIDATE,CHEMBL681,True
NABILONE,CHEMBL2218896,True
RUPATADINE,CHEMBL91397,True
SUCCIMER,CHEMBL1201073,True
PEMETREXED DIPOTASSIUM,CHEMBL6068329,True
PROPARACAINE HYDROCHLORIDE,CHEMBL1200464,True
DINOPROST TROMETHAMINE,CHEMBL1200896,True
BENDROFLUMETHIAZIDE,CHEMBL1684,True
ELAGOLIX SODIUM,CHEMBL502182,True
SALMETEROL XINAFOATE,CHEMBL1082607,True
ACETRIZOIC ACID,CHEMBL1201327,True
MESORIDAZINE BESYLATE,CHEMBL1201052,True
NIMODIPINE,CHEMBL1428,True
ORITAVANCIN DIPHOSPHATE,CHEMBL3989766,True
SAXAGLIPTIN ANHYDROUS,CHEMBL385517,True
DILTIAZEM,CHEMBL23,True
CEFTOLOZANE,CHEMBL2103872,True
MAVORIXAFOR,CHEMBL518924,True
DIMERCAPROL,CHEMBL1597,True
"SODIUM PHOSPHATE, MONOBASIC",CHEMBL1368,True
GRANISETRON,CHEMBL289469,True
METHACYCLINE HYDROCHLORIDE,CHEMBL2146123,True
INDINAVIR SULFATE,CHEMBL1735,True
CEFIDEROCOL,CHEMBL3989974,True
REMOXIPRIDE,CHEMBL22242,True
AMILORIDE,CHEMBL945,True
CLOPIDOGREL,CHEMBL1771,True
NINTEDANIB,CHEMBL502835,True
IPODATE,CHEMBL1201243,True
TEPOTINIB,CHEMBL3402762,True
DEFERIPRONE,CHEMBL70927,True
PROPIOMAZINE,CHEMBL1201210,True
STRONTIUM RANELATE,CHEMBL3707306,True
VANCOMYCIN HYDROCHLORIDE,CHEMBL1200628,True
IMIDAPRIL,CHEMBL317094,True
SODIUM PHENYLBUTYRATE,CHEMBL1746,True
DISOPYRAMIDE,CHEMBL517,True
DOXEPIN,CHEMBL1628227,True
BEPRIDIL HYDROCHLORIDE,CHEMBL1200382,True
TRIFLUOPERAZINE,CHEMBL422,True
ALLOPURINOL SODIUM,CHEMBL1200477,True
ELUXADOLINE,CHEMBL2159122,True
PHENPROCOUMON,CHEMBL1465,True
VALBENAZINE TOSYLATE,CHEMBL3707248,True
OMAVELOXOLONE,CHEMBL4303525,True
LENVATINIB,CHEMBL1289601,True
PHENOBARBITAL SODIUM,CHEMBL149972,True
SULFAMERAZINE,CHEMBL438,True
ASENAPINE,CHEMBL3187365,True
AMMONIUM CHLORIDE,CHEMBL1200939,True
PARICALCITOL,CHEMBL1200622,True
CHLORPHENIRAMINE,CHEMBL505,True
ZOLMITRIPTAN,CHEMBL1185,True
IOTHALAMATE MEGLUMINE,CHEMBL1201125,True
VALACYCLOVIR,CHEMBL1349,True
CLEMASTINE FUMARATE,CHEMBL1200795,True
QUINAGOLIDE,CHEMBL2218861,True
IMIPENEM,CHEMBL43708,True
NITREFAZOLE,CHEMBL1909285,True
ESTETROL,CHEMBL6068423,True
THEOPHYLLINE SODIUM GLYCINATE,CHEMBL1200578,True
TRIPELENNAMINE,CHEMBL1241,True
PERPHENAZINE,CHEMBL567,True
ANILERIDINE,CHEMBL1201347,True
MIGALASTAT,CHEMBL110458,True
PARECOXIB SODIUM,CHEMBL296913,True
TOLOXATONE,CHEMBL18116,True
MIFAMURTIDE,CHEMBL2107354,True
SPIRAPRIL,CHEMBL431,True
SILDENAFIL,CHEMBL192,True
METHICILLIN SODIUM,CHEMBL3181832,True
PROTOKYLOL,CHEMBL1201273,True
PIPERAZINE CITRATE,CHEMBL3989678,True
CALCIUM ACETATE,CHEMBL1200800,True
PROCHLORPERAZINE EDISYLATE,CHEMBL1201154,True
CYCLOBENZAPRINE HYDROCHLORIDE,CHEMBL1200636,True
DEXTROMETHORPHAN HYDROBROMIDE,CHEMBL1256818,True
MEPENZOLATE BROMIDE,CHEMBL1724,True
METAPROTERENOL SULFATE,CHEMBL1568057,True
ZINC SULFATE,CHEMBL1200929,True
SULOCTIDIL,CHEMBL404849,True
MILNACIPRAN HYDROCHLORIDE,CHEMBL4297064,True
PRASUGREL HYDROCHLORIDE,CHEMBL1201773,True
FOSNETUPITANT,CHEMBL3989917,True
TESTOSTERONE PROPIONATE,CHEMBL1170,True
MECLIZINE HYDROCHLORIDE,CHEMBL3989555,True
RIMEGEPANT,CHEMBL2178422,True
PANOBINOSTAT,CHEMBL483254,True
MITAPIVAT SULFATE,CHEMBL4297223,True
METHADONE,CHEMBL651,True
CHLORPROPAMIDE,CHEMBL498,True
NEFAZODONE,CHEMBL623,True
CIDOFOVIR ANHYDROUS,CHEMBL152,True
PRASTERONE,CHEMBL90593,True
POSACONAZOLE,CHEMBL1397,True
ENTACAPONE,CHEMBL953,True
METHOHEXITAL SODIUM,CHEMBL30219,True
METHADONE HYDROCHLORIDE,CHEMBL1200825,True
IODOXAMATE MEGLUMINE,CHEMBL4594231,True
EPHEDRINE,CHEMBL211456,True
BUPRENORPHINE,CHEMBL511142,True
MEBUTAMATE,CHEMBL1200922,True
ISOSULFAN BLUE,CHEMBL1200859,True
BINIMETINIB,CHEMBL3187723,True
ELIGLUSTAT TARTRATE,CHEMBL5723563,True
FINGOLIMOD,CHEMBL314854,True
METHAQUALONE,CHEMBL282052,True
ISOPROPAMIDE IODIDE,CHEMBL1200347,True
SUMATRIPTAN SUCCINATE,CHEMBL1201150,True
ZIPRASIDONE,CHEMBL708,True
ROFECOXIB,CHEMBL122,True
MODAFINIL,CHEMBL1373,True
POTASSIUM PERCHLORATE,CHEMBL1200696,True
CEFPODOXIME PROXETIL,CHEMBL1201016,True
METRONIDAZOLE,CHEMBL137,True
CARIPRAZINE,CHEMBL2028019,True
BISACODYL,CHEMBL942,True
OFLOXACIN,CHEMBL4,True
FOSFOMYCIN TROMETHAMINE,CHEMBL1200331,True
COCAINE HYDROCHLORIDE,CHEMBL529437,True
DEMECLOCYCLINE,CHEMBL1591,True
FEXOFENADINE,CHEMBL914,True
TOLAZOLINE,CHEMBL770,True
EMEDASTINE,CHEMBL594,True
DORZOLAMIDE HYDROCHLORIDE,CHEMBL1201162,True
ARBUTAMINE,CHEMBL1201251,True
"CEFPROZIL, (E)-",CHEMBL5314373,True
TRANYLCYPROMINE,CHEMBL3989843,True
COBIMETINIB FUMARATE,CHEMBL2364607,True
FILGOTINIB MALEATE,CHEMBL4298167,True
KETOROLAC TROMETHAMINE,CHEMBL1201124,True
HEXAFLUORENIUM BROMIDE,CHEMBL1200933,True
DIPHEMANIL METHYLSULFATE,CHEMBL1200880,True
TAMSULOSIN,CHEMBL836,True
DIROXIMEL FUMARATE,CHEMBL3989944,True
ROPINIROLE,CHEMBL589,True
HALOPERIDOL LACTATE,CHEMBL4297147,True
ESOMEPRAZOLE SODIUM,CHEMBL1200470,True
ISOCARBOXAZID,CHEMBL1201168,True
RIFAMPIN,CHEMBL374478,True
GILTERITINIB,CHEMBL3301622,True
CLOBETASOL PROPIONATE,CHEMBL1159650,True
MIZOLASTINE,CHEMBL94454,True
PYRVINIUM,CHEMBL1201303,True
BICALUTAMIDE,CHEMBL409,True
FLUOROESTRADIOL F-18,CHEMBL4594261,True
DULOXETINE HYDROCHLORIDE,CHEMBL1200328,True
MECLOCYCLINE SULFOSALICYLATE,CHEMBL261772,True
SPARSENTAN,CHEMBL539423,True
PHENTOLAMINE MESYLATE,CHEMBL1200873,True
AZELASTINE,CHEMBL639,True
PENTAZOCINE,CHEMBL100116,True
PERINDOPRIL,CHEMBL1581,True
METRIZAMIDE,CHEMBL462394,True
ETRASIMOD,CHEMBL3358920,True
FLUOCINOLONE ACETONIDE,CHEMBL989,True
PHENOL,CHEMBL14060,True
NILOTINIB,CHEMBL255863,True
NITROFURANTOIN SODIUM,CHEMBL1201000,True
GALLAMINE TRIETHIODIDE,CHEMBL1200993,True
QUINAPRIL,CHEMBL1592,True
TRIDIHEXETHYL,CHEMBL1201354,True
GANCICLOVIR,CHEMBL182,True
IBUTILIDE,CHEMBL533,True
DELAMANID,CHEMBL218650,True
SULFAPYRIDINE,CHEMBL700,True
CALCIUM GLUCONATE,CHEMBL2106119,True
ETHACRYNATE SODIUM,CHEMBL1200487,True
HYDROXYPROGESTERONE CAPROATE,CHEMBL1200848,True
CYCLOFENIL,CHEMBL141305,True
AMBRISENTAN,CHEMBL1111,True
ISOPROPAMIDE,CHEMBL1201232,True
OXYMORPHONE,CHEMBL963,True
RUCAPARIB CAMSYLATE,CHEMBL3833368,True
BENZQUINAMIDE,CHEMBL1201250,True
SAMIDORPHAN,CHEMBL426084,True
PENICILLAMINE,CHEMBL1430,True
NEDOCROMIL,CHEMBL746,True
SULFADIAZINE SODIUM,CHEMBL1200351,True
METRIZOATE SODIUM,CHEMBL1200423,True
UREA,CHEMBL985,True
ELACESTRANT HYDROCHLORIDE,CHEMBL4594273,True
DELAFLOXACIN MEGLUMINE,CHEMBL2105638,True
NIZATIDINE,CHEMBL3183075,True
CHOLINE FENOFIBRATE,CHEMBL1201745,True
AMMONIA N 13,CHEMBL1201189,True
DIDANOSINE,CHEMBL1460,True
ALCLOFENAC,CHEMBL94081,True
SOMAPACITAN,CHEMBL3707290,True
CLIDINIUM BROMIDE,CHEMBL1200950,True
ZALEPLON,CHEMBL1521,True
CANAGLIFLOZIN ANHYDROUS,CHEMBL2048484,True
FLUPHENAZINE,CHEMBL726,True
AMANTADINE,CHEMBL660,True
CLOBAZAM,CHEMBL70418,True
LYNESTRENOL,CHEMBL2107431,True
RISPERIDONE,CHEMBL85,True
MEZLOCILLIN SODIUM,CHEMBL1697708,True
FENFLURAMINE,CHEMBL87493,True
ACETYLCHOLINE,CHEMBL667,True
DICLOFENAC SODIUM,CHEMBL1034,True
METHIMAZOLE,CHEMBL1515,True
NANDROLONE PHENPROPIONATE,CHEMBL1200412,True
SPECTINOMYCIN HYDROCHLORIDE,CHEMBL3989571,True
ODEVIXIBAT SESQUIHYDRATE,CHEMBL5315120,True
CHLOPHEDIANOL,CHEMBL1201313,True
MECLIZINE,CHEMBL1623,True
ERYTHROMYCIN LACTOBIONATE,CHEMBL1200506,True
DEXMETHYLPHENIDATE,CHEMBL827,True
PERMETHRIN,CHEMBL1525,True
SIPONIMOD,CHEMBL2336071,True
SOLRIAMFETOL HYDROCHLORIDE,CHEMBL4297212,True
AMINOSALICYLATE POTASSIUM,CHEMBL1200584,True
ELTROMBOPAG OLAMINE,CHEMBL3989691,True
IOXAGLATE MEGLUMINE,CHEMBL1200508,True
AMINOHIPPURIC ACID,CHEMBL463,True
QUININE,CHEMBL170,True
RELUGOLIX,CHEMBL1800159,True
TRIENTINE,CHEMBL609,True
PAZOPANIB HYDROCHLORIDE,CHEMBL1201733,True
NICARDIPINE,CHEMBL1484,True
OXYBUTYNIN,CHEMBL1231,True
FOSDENOPTERIN,CHEMBL2338675,True
TRIMETHOBENZAMIDE,CHEMBL1201256,True
LORCASERIN HYDROCHLORIDE,CHEMBL2095211,True
DIATRIZOATE SODIUM,CHEMBL1200581,True
PITAVASTATIN SODIUM,CHEMBL3989920,True
LENACAPAVIR SODIUM,CHEMBL4802249,True
VEMURAFENIB,CHEMBL1229517,True
RIMEXOLONE,CHEMBL1200617,True
PROMAZINE,CHEMBL564,True
RUXOLITINIB,CHEMBL1789941,True
PEFICITINIB,CHEMBL3137308,True
LITHIUM CITRATE,CHEMBL2103738,True
DIBUNIC ACID,CHEMBL1865134,True
CARPHENAZINE,CHEMBL1201328,True
DIMETHYL FUMARATE,CHEMBL2107333,True
TENAPANOR HYDROCHLORIDE,CHEMBL3301627,True
METARAMINOL,CHEMBL1201319,True
VERICIGUAT,CHEMBL4066936,True
PEMETREXED DISODIUM HEMIPENTAHYDRATE,CHEMBL6068335,True
QUINIDINE GLUCONATE,CHEMBL1200437,True
NALTREXONE HYDROCHLORIDE,CHEMBL1201149,True
HYDROXYUREA,CHEMBL467,True
CLOMETACIN,CHEMBL13376,True
SUXIBUZONE,CHEMBL1414320,True
AZATHIOPRINE SODIUM,CHEMBL1200400,True
AMANTADINE HYDROCHLORIDE,CHEMBL1569,True
PREDNICARBATE,CHEMBL1200386,True
METRONIDAZOLE HYDROCHLORIDE,CHEMBL1200869,True
SITAGLIPTIN FUMARATE,CHEMBL5315049,True
PENTETATE ZINC TRISODIUM,CHEMBL1200424,True
LEDIPASVIR,CHEMBL2374220,True
VALGANCICLOVIR HYDROCHLORIDE,CHEMBL1200454,True
NIRMATRELVIR,CHEMBL4802135,True
BOSUTINIB,CHEMBL288441,True
SERDEXMETHYLPHENIDATE,CHEMBL4301162,True
VORASIDENIB,CHEMBL4279047,True
FLORBETAPIR,CHEMBL1908919,True
IOFETAMINE,CHEMBL1201308,True
NORTRIPTYLINE,CHEMBL445,True
SODIUM NITRITE,CHEMBL93268,True
NAFTIFINE,CHEMBL626,True
TALC,CHEMBL3989756,True
TINIDAZOLE,CHEMBL1220,True
ACITRETIN,CHEMBL1131,True
RIFAMYCIN SODIUM,CHEMBL2105680,True
DIHYDROERGOTAMINE,CHEMBL1732,True
MOLINDONE,CHEMBL460,True
SITAGLIPTIN PHOSPHATE,CHEMBL1201174,True
LEVOMEFOLATE CALCIUM,CHEMBL1615371,True
IPRAGLIFLOZIN,CHEMBL2018096,True
LEVOCARNITINE,CHEMBL1149,True
PHENOXYBENZAMINE,CHEMBL753,True
FENCLOZIC ACID,CHEMBL1909282,True
ISAXONINE PHOSPHATE,CHEMBL1697751,True
DOLUTEGRAVIR SODIUM,CHEMBL1213165,True
DANTROLENE,CHEMBL1201288,True
CHLORNAPHAZINE,CHEMBL2107519,True
TAPENTADOL HYDROCHLORIDE,CHEMBL1201777,True
ARFORMOTEROL TARTRATE,CHEMBL1951071,True
CARBENICILLIN DISODIUM,CHEMBL606260,True
AZELASTINE HYDROCHLORIDE,CHEMBL1200809,True
CARISOPRODOL,CHEMBL1233,True
VIGABATRIN,CHEMBL89598,True
KETAMINE HYDROCHLORIDE,CHEMBL1714,True
CEFAMANDOLE NAFATE FREE BASE,CHEMBL1201218,True
SAPROPTERIN,CHEMBL1201774,True
ELETRIPTAN HYDROBROMIDE,CHEMBL1201003,True
AMPHETAMINE SULFATE,CHEMBL501,True
TREPROSTINIL,CHEMBL1237119,True
METHYLNALTREXONE BROMIDE,CHEMBL1201770,True
OXAPROZIN POTASSIUM,CHEMBL1200463,True
ABAMETAPIR,CHEMBL2205807,True
PHENMETRAZINE,CHEMBL1201208,True
CYPROHEPTADINE,CHEMBL516,True
DACLATASVIR,CHEMBL2023898,True
PACRITINIB,CHEMBL2035187,True
IOFLUPANE,CHEMBL1945778,True
DOLUTEGRAVIR,CHEMBL1229211,True
FLUVOXAMINE,CHEMBL814,True
ERTAPENEM,CHEMBL1359,True
DEXRAZOXANE HYDROCHLORIDE,CHEMBL1200778,True
IODIPAMIDE,CHEMBL1165268,True
BUFLOMEDIL,CHEMBL188921,True
DASABUVIR SODIUM MONOHYDRATE,CHEMBL3544985,True
MEDRYSONE,CHEMBL1201173,True
MESORIDAZINE,CHEMBL1088,True
NORGESTREL,CHEMBL2107797,True
DIBENZEPIN HYDROCHLORIDE,CHEMBL2104287,True
CHLORPHENTERMINE HYDROCHLORIDE,CHEMBL1200595,True
INDIGOTINDISULFONATE SODIUM,CHEMBL2105023,True
ROPIVACAINE HYDROCHLORIDE,CHEMBL1889140,True
GUANABENZ,CHEMBL420,True
DIOSMIN,CHEMBL231884,True
CEFTAZIDIME SODIUM,CHEMBL1200768,True
NETILMICIN,CHEMBL1572,True
DOXYCYCLINE ANHYDROUS,CHEMBL1433,True
IOTHALAMATE SODIUM,CHEMBL1097620,True
BOSENTAN,CHEMBL957,True
PROPIOLACTONE,CHEMBL1200627,True
PIMECROLIMUS,CHEMBL1200686,True
CHLORPHENTERMINE,CHEMBL1201269,True
DICHLORPHENAMIDE,CHEMBL17,True
LOPERAMIDE HYDROCHLORIDE,CHEMBL1707,True
TASIMELTEON,CHEMBL2103822,True
IDARUBICIN,CHEMBL1117,True
RETAPAMULIN,CHEMBL1658,True
MELPHALAN,CHEMBL852,True
BISOPROLOL FUMARATE,CHEMBL1472989,True
IOXAGLIC ACID,CHEMBL1201291,True
NAPROXEN,CHEMBL154,True
EPIRUBICIN,CHEMBL417,True
AZLOCILLIN,CHEMBL1537,True
GUAIFENESIN,CHEMBL980,True
CANRENONE,CHEMBL1463345,True
TARTARIC ACID,CHEMBL1236315,True
CLOBUTINOL,CHEMBL1474889,True
MAGNESIUM CHLORIDE,CHEMBL3185229,True
MORPHINE SULFATE,CHEMBL2103744,True
EFLORNITHINE HYDROCHLORIDE,CHEMBL1201037,True
OLSALAZINE,CHEMBL425,True
SODIUM ASCORBATE,CHEMBL591665,True
PYRIMETHAMINE,CHEMBL36,True
GANCICLOVIR SODIUM,CHEMBL1200850,True
DEXTROAMPHETAMINE SULFATE,CHEMBL3544971,True
EXIFONE,CHEMBL329522,True
DROPERIDOL,CHEMBL1108,True
ULIPRISTAL ACETATE,CHEMBL260538,True
KETOTIFEN FUMARATE,CHEMBL1633,True
MUZOLIMINE,CHEMBL1697760,True
TRANEXAMIC ACID,CHEMBL877,True
ALPIDEM,CHEMBL54349,True
SAQUINAVIR,CHEMBL114,True
SOTALOL HYDROCHLORIDE,CHEMBL1700,True
MONOMETHYL FUMARATE,CHEMBL589586,True
PYROVALERONE HYDROCHLORIDE,CHEMBL2104793,True
ESKETAMINE HYDROCHLORIDE,CHEMBL2364609,True
DESIPRAMINE HYDROCHLORIDE,CHEMBL1696,True
LESINURAD,CHEMBL2105720,True
CEFOPERAZONE,CHEMBL507674,True
SARECYCLINE,CHEMBL2364632,True
FULVESTRANT,CHEMBL1358,True
HEPTABARBITAL,CHEMBL468837,True
SODIUM SULFATE,CHEMBL3989856,True
NORETHYNODREL,CHEMBL1387,True
DURLOBACTAM SODIUM,CHEMBL4297378,True
ABEMACICLIB,CHEMBL3301610,True
DIHYDROSTREPTOMYCIN SULFATE,CHEMBL3188576,True
MIDOSTAURIN,CHEMBL608533,True
BUPROPION HYDROCHLORIDE,CHEMBL1698,True
EPOPROSTENOL SODIUM,CHEMBL962,True
POTASSIUM NITRATE,CHEMBL1644029,True
PENTOSTATIN,CHEMBL1580,True
DOXYLAMINE,CHEMBL1004,True
ALISKIREN FUMARATE,CHEMBL3545059,True
METHARBITAL,CHEMBL450,True
NITROFURAZONE,CHEMBL869,True
BESIFLOXACIN HYDROCHLORIDE,CHEMBL1201761,True
TRAMETINIB,CHEMBL2103875,True
DICYCLOMINE HYDROCHLORIDE,CHEMBL1200479,True
DECAMETHONIUM BROMIDE,CHEMBL1134,True
KANAMYCIN SULFATE,CHEMBL1446,True
TOVORAFENIB,CHEMBL3348923,True
TRIHEXYPHENIDYL HYDROCHLORIDE,CHEMBL1092,True
DIVALPROEX SODIUM,CHEMBL2105613,True
ALVIMOPAN,CHEMBL270190,True
EMPAGLIFLOZIN,CHEMBL2107830,True
TEDIZOLID PHOSPHATE,CHEMBL2105669,True
EDOXABAN,CHEMBL1269025,True
NIROGACESTAT HYDROBROMIDE,CHEMBL4298153,True
ARFORMOTEROL,CHEMBL1363,True
REGADENOSON ANHYDROUS,CHEMBL317052,True
BENZYL BENZOATE,CHEMBL1239,True
MARALIXIBAT,CHEMBL363392,True
TAZOBACTAM,CHEMBL404,True
OXYCODONE,CHEMBL656,True
DEQUALINIUM,CHEMBL333826,True
INDOMETHACIN SODIUM,CHEMBL3989410,True
HISTAMINE,CHEMBL90,True
VARDENAFIL,CHEMBL1520,True
REGADENOSON,CHEMBL3989695,True
ZINC CHLORIDE,CHEMBL1200679,True
NIRAPARIB,CHEMBL1094636,True
SODIUM CARBONATE,CHEMBL186314,True
TENELIGLIPTIN,CHEMBL2147777,True
CLONIDINE HYDROCHLORIDE,CHEMBL1705,True
TIGECYCLINE,CHEMBL376140,True
SELINEXOR,CHEMBL3545185,True
ACLIDINIUM,CHEMBL1194325,True
DUTASTERIDE,CHEMBL1200969,True
MELPHALAN FLUFENAMIDE HYDROCHLORIDE,CHEMBL4297403,True
DEXFENFLURAMINE,CHEMBL248702,True
ASCIMINIB HYDROCHLORIDE,CHEMBL4297220,True
SERTRALINE HYDROCHLORIDE,CHEMBL1709,True
HYDROXYAMPHETAMINE,CHEMBL1546,True
OSELTAMIVIR,CHEMBL1229,True
LENALIDOMIDE,CHEMBL848,True
PYRIDOSTIGMINE BROMIDE,CHEMBL812,True
IODOHIPPURATE SODIUM I 123,CHEMBL1200439,True
CARMUSTINE,CHEMBL513,True
ERYTHROMYCIN,CHEMBL532,True
EFLORNITHINE,CHEMBL830,True
OSPEMIFENE,CHEMBL2105395,True
ISOFLURANE,CHEMBL1256,True
ATOMOXETINE,CHEMBL641,True
BRIGATINIB,CHEMBL3545311,True
ALUMINUM ACETATE,CHEMBL1201015,True
MEFLOQUINE,CHEMBL416956,True
ISOETHARINE HYDROCHLORIDE,CHEMBL1200920,True
MIDAZOLAM,CHEMBL655,True
DABRAFENIB,CHEMBL2028663,True
PERINDOPRIL ARGININE,CHEMBL3544986,True
AZILSARTAN KAMEDOXOMIL,CHEMBL2103795,True
DOXACURIUM CHLORIDE,CHEMBL1237099,True
CHLOROPROCAINE HYDROCHLORIDE,CHEMBL944,True
ATORVASTATIN,CHEMBL1487,True
ROCURONIUM BROMIDE,CHEMBL1200648,True
HYDROCORTAMATE HYDROCHLORIDE,CHEMBL1200635,True
NOREPINEPHRINE BITARTRATE,CHEMBL1434513,True
SULFAPHENAZOLE,CHEMBL1109,True
METRIZOIC ACID,CHEMBL1736,True
MAFENIDE,CHEMBL419,True
TRICHLORMETHIAZIDE,CHEMBL1054,True
TELBIVUDINE,CHEMBL374731,True
ELTROMBOPAG CHOLINE,CHEMBL6068328,True
HEXESTROL,CHEMBL9225,True
ISRADIPINE,CHEMBL1648,True
TRIPELENNAMINE CITRATE,CHEMBL1200769,True
DIBENZEPIN,CHEMBL1442422,True
ISAVUCONAZONIUM SULFATE,CHEMBL3137333,True
EVANS BLUE,CHEMBL1200712,True
HETACILLIN,CHEMBL1201116,True
DEZOCINE,CHEMBL1685,True
MOXIDECTIN,CHEMBL2104415,True
IOTHALAMIC ACID,CHEMBL1201300,True
CEPHALEXIN ANHYDROUS,CHEMBL1727,True
MONTELUKAST,CHEMBL787,True
LUMATEPERONE,CHEMBL3306803,True
MILTEFOSINE,CHEMBL125,True
TENOFOVIR ALAFENAMIDE,CHEMBL2107825,True
ESCITALOPRAM OXALATE,CHEMBL1200322,True
WARFARIN,CHEMBL1464,True
METOPROLOL,CHEMBL13,True
RAMIPRIL,CHEMBL1168,True
LEFLUNOMIDE,CHEMBL960,True
ROPIVACAINE,CHEMBL1077896,True
CARBENICILLIN INDANYL,CHEMBL1596,True
TETRACYCLINE,CHEMBL1440,True
